-6.210938,-9.875,-21.85938,-35.54688,-163.1797,-451.4453,-588.3594,-514.0312,-399.6094,-238.4844,-96.92188,-24.30469,37.79688,35.60156,35.84375,32.42188,4.789062,8.21875,19.70312,18.24219,21.90625,17.50781,11.39062,-3.273438,6.992188,34.375,18.24219,8.703125,27.77344,51.49219,23.375,19.46094,35.60156,21.90625,-3.765625,-35.30469,-0.09375,-7.921875,6.015625,19.95312,32.90625,35.60156,12.61719,8.703125,6.992188,-0.828125,-3.765625,19.46094,19.46094,0.1484375,-7.921875,45.625,52.96094,23.13281,45.625,7.484375,17.50781,17.01562,-4.984375,-26.01562,-37.25781,19.70312,25.57812,-5.234375,-14.76562,22.88281,22.64062,33.89062,27.53125,40.73438,25.32812
-7.03125,-6.296875,-3.359375,-22.67969,-36.36719,-39.54688,-28.29688,-25.85156,-35.39062,-34.65625,-70.84375,-183.5547,-284.0469,-342.9688,-331.2344,-316.3203,-348.5938,-338.8125,-334.4141,-343.7031,-231.4766,-97.25,-94.3125,-35.63281,-23.89844,-23.65625,0.3046875,-9.226562,-27.32031,-26.10156,-37.10156,-51.28125,-18.76562,-8.742188,-8.742188,-23.89844,10.57812,23.78125,-27.57031,-10.9375,3.484375,29.15625,23.28906,-10.9375,-9.476562,-12.64844,-23.16406,9.351562,9.109375,-1.648438,-2.140625,-7.03125,-3.117188,-26.83594,-22.92188,-51.53125,-61.79688,-27.32031,-13.875,-40.76562,-21.21094,-26.34375,-23.65625,-17.05469,-22.42969,12.77344,11.55469,-23.16406,18.15625,18.89062,-28.05469
-32.13281,-26.50781,-4.015625,-101.3281,-246.0703,-284.9453,-357.3203,-401.0781,-383.9688,-339.2266,-159.0312,-68.8125,-27.97656,-13.79688,0.6328125,11.39062,-15.01562,8.453125,10.40625,-7.6875,16.27344,3.804688,-16.73438,-3.039062,0.6328125,-20.89062,-0.1015625,-11.10938,1.359375,24.83594,0.6328125,8.945312,39.75,9.671875,-10.61719,-5.726562,7.226562,-30.66406,-38.25,-23.57812,-38,-49.00781,-17.95312,-8.664062,-1.328125,3.804688,28.01562,24.34375,27.52344,-16,-17.46094,-16.73438,-3.039062,-3.039062,36.32812,6.742188,-4.992188,-36.53125,-43.86719,-26.50781,-43.38281,-32.13281,-16.24219,-11.35156,-0.8359375,-7.6875,-14.03906,-20.89062,-30.42188,-40.20312,-35.55469
-15.92969,1.921875,3.632812,-31.82031,-58.46875,-168.0078,-269.9609,-364.5859,-408.1016,-368.9844,-349.6719,-286.3438,-142.5781,-70.21094,-34.02344,-22.03906,-12.75,-20.57812,-22.03906,-15.6875,-23.50781,-8.351562,-41.35938,-50.89062,-14.95312,16.10156,-6.640625,-1.75,13.16406,-6.882812,1.921875,-6.640625,16.10156,34.67969,26.125,21.47656,5.101562,14.63281,25.14844,23.1875,9.984375,39.08594,31.75,33.94531,19.76562,-20.57812,-10.79688,34.92969,50.08594,5.34375,-29.86719,-8.59375,-2.234375,7.054688,-9.570312,-21.55469,-39.64844,-30.60156,-46.73438,-25.71094,-17.14844,-33.28906,-35.24219,-26.92969,-5.90625,-0.7734375,-2.726562,-14.95312,-8.101562,-3.21875,-48.69531
26.125,12.67969,3.875,-70.9375,-151.1328,-164.3359,-149.1797,-171.1797,-136.4609,-141.1094,-234.75,-329.1328,-290.9844,-283.1641,-234.75,-214.7031,-218.375,-207.8594,-211.0391,-206.8828,-187.8125,-185.1172,-166.0469,-189.7656,-202.4766,-221.5469,-209.3281,-213.4844,-209.0781,-128.3984,-56.02344,-41.35156,-26.6875,-35.97656,-13.23438,15.125,-8.34375,10.23438,-6.632812,-35.48438,-34.75,-39.64062,-22.53125,-19.59375,-35.73438,-12.5,-10.54688,-30.84375,-11.28125,-1.257812,-20.32812,5.835938,12.67969,-10.78906,-33.03906,-35.24219,-21.30469,-2.96875,12.1875,25.64062,-24.48438,-39.64062,-9.570312,-3.210938,-1.015625,-5.898438,-28.14844,-2.96875,5.835938,35.66406,24.66406
-22.99219,6.101562,21.01562,-45.73438,-132.7734,-179.2266,-164.5625,-162.8516,-154.2891,-153.5547,-145.9766,-150.8672,-188.0312,-194.875,-190.4766,-150.375,-168.4688,-184.1172,-202.7031,-187.0547,-178.4922,-163.3359,-158.9375,-167.0078,-144.5078,-126.1719,-146.7109,-165.7812,-148.1797,-201.9688,-196.8359,-194.6328,-158.4453,-170.6719,-161.3828,-179.4766,-179.2266,-135.2188,-132.2891,-155.7578,-151.1094,-144.2656,-102.4531,-108.5703,-108.0781,-87.53906,-88.27344,-98.05469,-98.54688,-128.1328,-130.5703,-135.9531,-149.3984,-129.8438,-134.9766,-153.5547,-82.40625,-66.02344,-58.44531,-37.17188,-4.65625,10.74219,-14.67969,-9.546875,18.57031,46.92969,-6.125,12.94531,16.36719,-19.08594,-16.64062
45.40625,22.91406,-2.03125,-22.32031,-42.61719,-170.7344,-260.2188,-313.7656,-322.5625,-303.7422,-305.6953,-313.7656,-254.3516,-100.3203,-42.85938,-3.007812,0.6640625,-21.34375,-30.14844,-20.125,-19.63281,-32.10156,-26.47656,13.61719,40.02344,31.22656,-8.382812,-36.99219,-11.5625,-16.69531,11.66406,27.07031,25.84375,7.992188,-5.210938,-16.21094,-29.65625,-48.96875,-24.76562,-28.1875,-7.40625,22.17969,-17.1875,-41.14844,-44.32812,-47.01562,5.796875,20.21875,12.39844,-14.00781,-13.03125,-8.382812,-9.851562,-51.41406,-44.32812,-23.29688,-18.16406,-4.226562,13.61719,-25.99219,-42.85938,-52.64062,-38.21094,-37.96875,-46.28125,-28.1875,-36.5,-24.76562,4.570312,12.64062,-15.96875
17.07031,10.46875,20.49219,-21.80469,-138.9219,-136.7188,-158.9688,-133.0547,-133.2969,-162.1484,-152.125,-132.5625,-156.2812,-153.5938,-154.0781,-157.5078,-126.6953,-162.8828,-175.1094,-172.6641,-168.9922,-133.2969,-76.57812,-48.21094,-37.21094,-22.78906,-13.98438,-10.07031,-11.04688,6.0625,4.351562,-7.382812,-5.179688,-8.601562,15.10938,4.109375,16.33594,42.49219,22.20312,2.882812,-22.05469,6.0625,14.375,24.89062,12.42188,1.664062,-3.960938,-32.5625,-4.203125,15.84375,34.17969,26.84375,2.640625,-5.179688,-10.32031,-3.960938,-5.179688,-31.10156,-33.54688,-36.47656,0.1953125,-11.29688,-27.67969,-5.429688,-18.14062,-21.5625,17.07031,23.17969,35.64844,9.734375,-10.80469
-0.03125,32.48438,16.84375,-103.4531,-247.2188,-291.9609,-286.0938,-333.2812,-530.3438,-633.2812,-456.0234,-233.5234,-61.39844,14.88281,28.32812,11.95312,18.30469,39.33594,10.72656,-9.320312,2.90625,-3.210938,5.835938,-15.4375,-0.03125,-3.453125,-11.28125,5.101562,14.64062,2.171875,7.0625,17.08594,9.507812,7.0625,-8.34375,-10.78906,20.01562,14.88281,15.85938,25.88281,28.57812,43.24219,18.55469,-8.835938,10.72656,24.90625,10.48438,-12.25781,21.48438,25.39844,-11.03125,4.125,20.75,33.95312,28.57812,22.21875,38.60156,52.78125,36.64062,18.30469,61.58594,37.13281,12.19531,27.60156,33.95312,29.79688,6.328125,3.148438,19.53125,18.30469,7.0625
-41.51562,-25.13281,-5.578125,-42.98438,-81.61719,-145.6719,-152.0312,-106.3047,-24.89062,-3.375,-20.73438,-4.59375,6.40625,-1.414062,-14.375,-18.53125,0.296875,5.1875,7.140625,81.95312,50.17188,34.03125,30.36719,-1.90625,-17.0625,32.57031,45.28125,22.05469,31.83594,16.92188,22.54688,23.76562,31.58594,47.23438,5.671875,-12.66406,40.14844,35.5,41.85938,38.4375,17.40625,-1.664062,11.78125,16.1875,9.585938,-14.13281,34.76562,28.41406,-2.148438,7.140625,-3.375,-8.265625,-10.95312,23.03125,-4.59375,4.695312,7.140625,-0.9296875,-1.414062,-28.80469,15.45312,9.34375,-8.75,-31.49219,-58.63281,-50.5625,-15.35156,-21.71094,-29.53906,-14.375,-2.882812
29.375,-0.9453125,-7.054688,-96.05469,-228.8203,-302.8984,-344.7109,-373.0703,-356.6875,-331.75,-255.7109,-113.1719,-40.0625,-37.375,-46.90625,-65.73438,-13.65625,2.234375,1.992188,-21.96875,-31.75,4.921875,7.367188,6.148438,6.632812,-34.92969,-1.921875,22.28125,12.99219,31.82031,57.49219,43.3125,29.61719,32.30469,-12.92188,-7.789062,13.48438,1.5,13.23438,9.328125,-16.59375,-6.320312,-16.10156,-11.21094,0.765625,15.4375,6.390625,-32.97656,-31.50781,-13.41406,-21.72656,10.78906,-46.42188,-46.17969,-13.17188,-15.36719,-31.75,-10.23438,-6.078125,1.257812,8.835938,-8.523438,13.48438,9.328125,6.148438,-6.320312,-31.26562,-42.75,-11.70312,11.52344,4.921875
38.39844,21.53125,-13.1875,-58.17969,-100.9688,-141.3047,-114.4141,-68.20312,-48.89062,-43.02344,-43.50781,-77.25,-50.60156,-38.86719,2.703125,-14.90625,-23.70312,4.171875,-25.90625,-15.39062,13.94531,-7.320312,13.94531,36.6875,40.35156,11.01562,44.26562,59.42188,35.95312,10.28125,-19.54688,0.9921875,25.4375,21.77344,9.054688,27.39844,-8.054688,-4.390625,16.88281,1.476562,0.015625,23.48438,35.21875,51.84375,30.08594,27.88281,15.41406,8.8125,16.64062,24.95312,34.73438,26.90625,5.148438,9.546875,1.234375,-13.67969,-21.01562,-30.54688,11.25781,27.14844,55.75781,25.4375,1.476562,-15.14844,-0.96875,10.77344,7.101562,23.97656,33.26562,13.94531,-8.054688
-6.273438,-2.609375,16.70312,-50.03906,-194.7812,-314.5859,-373.5156,-424.6094,-423.8828,-372.0469,-271.5547,-126.8125,-25.10156,15.48438,31.375,9.859375,0.078125,-9.453125,-3.34375,22.57812,-2.367188,-9.703125,-18.74219,-52.24219,-24.36719,7.171875,9.375,7.65625,18.90625,31.13281,-1.632812,-17.76562,14.25781,13.53125,19.64062,3.992188,-13.36719,-22.41406,-28.28125,-5.296875,18.90625,26.97656,11.82031,-19.23438,10.10156,24.53125,5.21875,19.88281,11.82031,6.679688,17.92969,-7.742188,3.5,-16.30469,-22.65625,-23.88281,-9.945312,14.75,4.234375,-29.25781,-50.53125,-39.77344,-10.1875,-26.8125,-10.92188,-1.632812,-16.05469,-15.32031,-20.21094,-12.14062,-29.75
-8.78125,-15.14062,-8.539062,-67.70312,-197.5312,-314.4062,-340.5625,-312.4453,-334.6953,-340.0781,-325.6484,-338.1172,-343.5,-345.9453,-263.0547,-170.8828,-76.99219,-42.52344,-20.51562,-1.203125,-28.82812,-23.9375,-28.33594,-20.27344,-13.17969,10.53906,2.953125,-7.3125,5.890625,-20.75781,-21.74219,-19.29688,-2.914062,-7.554688,8.335938,8.335938,-6.820312,14.69531,17.14062,4.664062,3.9375,14.44531,32.29688,-5.109375,-44.47656,-35.92188,19.09375,12.73438,-7.804688,-35.92188,-37.875,-24.91406,-32.25,-12.69531,-16.35938,-13.42188,-2.421875,12.73438,17.86719,-6.820312,-0.953125,35.22656,9.554688,-49.125,-49.85938,-25.16406,-21.74219,-18.07031,-7.804688,-1.6875,12.25
-11.5625,-31.11719,-21.82812,-94.6875,-223.0469,-287.1094,-292,-339.9219,-325.0078,-307.8906,-311.0703,-347.0078,-319.3828,-187.6016,-52.88281,-1.78125,-5.203125,4.820312,19.49219,4.820312,10.20312,30.25,-32.34375,-18.40625,11.42188,-3.492188,-11.5625,12.89062,15.33594,6.046875,11.91406,24.14062,22.42969,0.421875,-0.0703125,-13.02344,6.046875,29.03125,21.69531,37.34375,17.78125,20.96094,10.44531,26.82812,46.39062,0.421875,9.46875,2.625,-2.265625,-17.91406,14.60156,19,10.6875,-5.695312,-22.07031,-26.47656,3.84375,-7.648438,-33.8125,-6.179688,-10.57812,15.82812,1.890625,-2.515625,-3.734375,-15.22656,-13.75781,9.226562,24.86719,5.554688,-35.52344
-7.15625,-18.64844,-13.50781,-114,-238.4453,-275.125,-324.0234,-316.9297,-341.3828,-356.7891,-355.5625,-283.6797,-135.5156,-41.625,-12.77344,8.25,-31.35938,-26.46875,-27.20312,-32.09375,2.625,15.58594,23.40625,23.65625,15.58594,-13.26562,-3,-21.57812,-44.80469,-40.40625,-52.63281,-12.28906,-1.289062,-3.734375,7.515625,10.9375,9.226562,-5.929688,-16.44531,-9.351562,11.1875,-10.08594,-6.664062,17.05469,24.63281,30.99219,0.671875,-6.171875,-24.02344,-14,-2.265625,-3,-8.617188,-3.242188,14.85156,26.58594,25.85156,-19.86719,18.76562,32.70312,20.22656,22.42969,12.89844,9.960938,-7.15625,3.117188,-10.57812,-20.60156,-9.351562,-27.6875,-17.42188
25.71094,-2.648438,-29.78906,-128.8125,-251.3047,-307.7812,-335.8984,-368.6641,-397.0234,-368.6641,-247.8828,-91.64844,-40.30469,-17.07031,8.601562,20.57812,8.84375,19.35938,46.00781,21.07031,-16.58594,26.9375,27.42188,46.25,-9.742188,-26.60938,-12.91406,-3.875,-4.117188,-8.515625,11.28906,10.55469,1.507812,-7.539062,-13.89844,-5.585938,3.21875,1.507812,-6.5625,13.73438,25.71094,-6.804688,-22.21094,-14.63281,-19.27344,-26.11719,-13.89844,6.890625,-7.78125,-13.40625,6.398438,-13.89844,-16.58594,-12.42969,-11.20312,-23.92188,-3.382812,8.601562,-6.5625,-8.515625,-31.74219,-34.67969,-40.78906,-29.54688,1.265625,-7.78125,8.351562,24.25,14.95312,0.0390625,-10.71875
-21.09375,-21.82812,-15.46875,-106.9141,-241.875,-344.3203,-368.0391,-344.5625,-351.1641,-380.2578,-378.7969,-347.2578,-267.5469,-142.8516,-69.01562,-29.89844,-25.25,-15.71094,-20.35938,7.265625,-7.398438,-7.15625,10.44531,17.53906,-9.109375,-2.265625,-7.398438,6.046875,7.023438,-15.71094,17.04688,6.53125,-0.796875,-3.976562,-0.796875,-15.96094,3.601562,-7.15625,8.734375,20.22656,13.38281,-22.80469,-22.80469,-10.57812,-15.71094,1.648438,0.1796875,-22.80469,-13.51562,0.1796875,2.132812,27.07031,21.45312,7.265625,23.89062,14.60156,-19.86719,2.375,19.98438,21.69531,22.42969,8,-1.289062,-3.242188,5.3125,5.070312,-14,-24.51562,-12.78125,-5.6875,11.42188
-49.29688,-20.92969,-18.97656,-98.4375,-310.4141,-536.0859,-674.2344,-649.2891,-468.8516,-279.8516,-96.23438,-25.57812,-21.42188,-16.53125,11.58594,-6.257812,-3.570312,20.39062,3.03125,-13.35156,-17.50781,15.00781,26.99219,14.76562,-1.375,0.5859375,-4.0625,-23.13281,-38.78125,5.226562,4.007812,2.296875,-7.726562,-10.90625,10.60938,38.23438,42.39062,38.96875,8.65625,14.76562,32.61719,23.8125,54.13281,53.39844,22.58594,41.17188,-2.101562,1.320312,27.96875,16.47656,3.03125,-18.24219,-27.53125,-6.015625,-0.8828125,-22.64062,-8.21875,25.76562,12.5625,-12.13281,-25.82031,-13.59375,-3.820312,-40.49219,14.27344,30.41406,18.67969,-8.460938,-26.0625,1.320312,-0.640625
-32.60156,-0.5703125,9.203125,-49.71875,-114.5078,-296.9062,-394.9453,-373.9219,-390.7891,-390.3047,-341.6484,-338.4688,-273.9219,-120.1328,-12.55469,29.74219,26.8125,-7.664062,7.007812,40.5,17.52344,23.63281,-3.265625,-15.48438,14.82812,4.5625,29.25781,0.890625,-5.21875,38.78906,36.59375,16.53906,-10.10938,26.5625,49.30469,69.35156,86.71094,71.55469,56.64062,47.35156,46.125,44.17188,63.97656,52.48438,56.88281,19.47656,7.742188,38.78906,55.66406,46.125,21.92188,25.58594,46.61719,40.01562,54.4375,26.32031,32.92188,15.07812,18.74219,-4.484375,-13.03906,17.03125,36.10156,7.492188,6.515625,4.804688,34.88281,59.08594,34.14844,54.19531,81.33594
22.3125,13.51562,-4.578125,-57.14844,-174.2656,-238.5625,-298.7109,-329.2734,-296.7578,-315.3359,-371.0859,-408.9844,-340.0312,-156.4141,-46.14844,-9.226562,-6.046875,-35.875,-13.14062,-23.89844,-6.78125,12.28906,17.91406,35.27344,27.69531,7.890625,9.109375,17.67188,-3.359375,24.51562,28.91406,6.664062,18.89062,14.73438,23.53906,27.44531,24.02344,14.49219,11.07031,-20.71875,-21.69531,-16.80469,-9.46875,14.49219,33.80469,16.6875,-8.492188,10.33594,11.3125,12.28906,-0.671875,6.421875,-12.64844,-29.27344,-33.67969,-42.72656,-22.1875,-12.40625,-36.85156,-4.828125,22.07031,24.51562,19.38281,-6.78125,-3.117188,7.640625,11.07031,-1.890625,-6.78125,2.023438,15.71094
25.47656,-0.4453125,1.757812,-47.875,-133.9375,-269.3906,-324.8906,-354.9609,-394.5703,-391.6406,-377.2109,-295.5547,-175.75,-51.78906,-33.69531,-5.085938,18.14062,16.67188,-8.757812,-14.375,-20,-7.773438,-3.867188,-7.53125,-2.398438,-1.664062,4.203125,-0.1953125,-1.90625,13.98438,26.21094,10.80469,10.5625,21.32031,42.83594,10.5625,-9.734375,-15.84375,-11.6875,-20,-28.80469,-12.91406,4.695312,-1.90625,-6.3125,12.27344,-7.289062,13.00781,17.64844,0.78125,-27.82812,-12.91406,3.71875,29.63281,10.5625,-12.42188,-23.17969,1.515625,6.890625,2.492188,9.335938,20.09375,37.70312,24.25,28.16406,2.25,-11.92969,-1.90625,-9.734375,12.51562,31.10156
-1.851562,-10.89844,-4.046875,-29.71875,-46.34375,-57.35156,-61.99219,-80.33594,-217.25,-325.3203,-373,-406.7344,-366.6406,-354.4141,-390.6016,-299.4062,-153.4375,-84.73438,-36.57031,-34.36719,-21.89844,-49.52344,-44.14844,-34.60938,-26.29688,-3.804688,-6.742188,-16.03125,6.953125,19.42188,9.15625,-18.47656,-21.89844,-17.5,6.460938,8.179688,-9.179688,-38.52344,-39.74219,-19.9375,-23.60938,2.0625,6.953125,-15.78125,-39.01562,-14.32031,13.79688,16.49219,-14.07031,-21.89844,-38.52344,-38.03125,-14.80469,25.28906,-15.78125,-19.45312,-1.359375,16.49219,22.84375,19.42188,-24.10156,-25.8125,-9.179688,-13.82812,-16.51562,-18.22656,4.507812,2.554688,7.929688,0.3515625,-16.03125
-17.13281,-0.75,-16.89062,-122.7578,-249.1641,-295.125,-337.1797,-308.3281,-278.5,-307.8438,-320.5547,-216.1562,-129.8438,-94.64062,-49.64844,-13.71094,-9.0625,-31.3125,-19.57812,-27.64844,-11.50781,10.74219,16.60938,-6.132812,-7.84375,-1,2.671875,21.98438,1.9375,2.671875,3.890625,10.74219,12.45312,6.335938,1.203125,39.59375,41.05469,12.69531,4.875,-6.617188,-12,-11.75781,-12.97656,-12.73438,12.45312,24.42969,17.58594,13.42969,-17.86719,-48.92188,-1.976562,13.1875,-57.23438,-24.71094,9.515625,-31.3125,-35.46875,-29.11719,-12,-15.66406,-45.98438,-38.89062,-25.20312,-30.57812,-28.86719,-29.11719,-1.484375,-8.328125,-23.49219,-47.20312,-38.16406
5.695312,1.296875,-13.86719,-161.2969,-289.4141,-395.0391,-539.7812,-651.0312,-663.5,-496.75,-243.2031,-93.57031,-63.98438,-53.71875,-52.25,-48.33594,-17.53125,-10.6875,-19.97656,-15.33594,2.515625,-9.21875,7.648438,10.58594,16.21094,9.359375,-17.78125,-21.9375,-22.17969,-8.976562,-3.351562,-9.710938,-7.265625,1.296875,-4.820312,3.742188,-19.97656,-22.42188,-0.90625,21.34375,-6.53125,6.671875,8.382812,-24.625,-31.96094,8.875,36.25781,17.67188,-8.484375,27.21094,39.67969,22.32031,8.382812,-20.21875,-21.9375,-7.023438,35.76562,12.53906,27.70312,13.03125,14.25,33.8125,27.21094,29.65625,8.382812,-9.953125,-5.304688,-32.44531,-30.97656,-9.953125,3.007812
-10.71875,-1.1875,-14.14062,-29.54688,-69.39844,-147.8828,-268.9062,-470.8672,-633.7031,-629.5469,-541.0391,-379.4219,-187.25,-82.10938,-16.10156,-18.29688,-31.01562,2.484375,25.21875,1.015625,-31.25781,-32.47656,-2.898438,31.82031,-2.898438,0.7734375,-3.140625,-22.45312,-32.96875,-4.117188,34.02344,50.16406,33.28906,24.73438,9.085938,12.26562,-0.453125,-9.984375,23.75781,42.09375,61.16406,70.21094,82.92188,71.42969,24,22.53125,39.40625,20.57812,19.60156,65.8125,52.85156,4.195312,-18.78906,-9.984375,31.33594,29.86719,1.75,9.328125,53.82812,37.20312,33.04688,18.61719,29.86719,24.97656,24.97656,34.51562,29.13281,30.10938,29.625,10.79688,-8.03125
-7.890625,-9.851562,-5.9375,-133.0781,-254.3438,-325.25,-359.7266,-351.4141,-373.6641,-396.8906,-401.7812,-330.3828,-217.4297,-86.86719,-33.07812,-22.80469,-13.02344,-1.046875,-9.359375,-21.09375,8.242188,-0.5546875,-18.89844,-4.226562,-38.21094,-35.27344,-16.45312,-29.16406,-40.65625,-19.625,31.96094,21.69531,3.351562,19.73438,2.867188,1.640625,-20.60938,-51.89844,-26.22656,-4.960938,-6.421875,-40.89844,-39.92188,-40.89844,-40.16406,-34.53906,-30.38281,-34.53906,-16.20312,-21.09375,-21.34375,-21.82812,-17.91406,-13.27344,-19.38281,3.109375,8.976562,-14.98438,-34.05469,-11.5625,-7.15625,-17.67188,-4.960938,21.69531,39.78125,28.53906,-14.74219,-43.58594,-29.40625,0.6640625,-24.03125
7.140625,20.58594,5.429688,-112.6641,-264.7422,-315.5938,-292.3672,-266.4531,-286.0156,-307.5312,-346.8906,-363.5156,-356.6719,-273.2969,-131.4922,-54.47656,-22.44531,-5.328125,23.76562,-1.664062,-14.13281,-26.84375,-2.398438,16.42969,32.07812,1.03125,-31,-41.75781,14.47656,34.76562,11.05469,2.25,-24.15625,-51.04688,-21.46875,-10.21875,-28.80469,-24.15625,-27.33594,-51.53906,-16.82031,16.42969,35.25781,23.27344,19.36719,-10.46094,-30.26562,-16.57812,-27.82031,-8.015625,1.273438,30.36719,21.8125,16.67188,8.359375,12.51562,28.41406,30.125,-17.0625,-10.95312,-13.39844,-7.53125,-26.84375,7.140625,9.828125,-7.039062,15.21094,-2.640625,-11.92969,-50.07031,-57.16406
-13.59375,4.742188,-6.507812,-132.1797,-226.0625,-293.3047,-339.0234,-354.6719,-329,-324.1094,-354.6719,-358.5781,-385.2344,-387.1875,-301.6172,-134.625,-66.40625,-51,-22.64062,-14.57031,-8.953125,8.65625,-17.01562,-6.257812,9.632812,15.00781,4.5,-9.4375,14.03125,10.60938,14.03125,14.76562,-26.3125,-31.6875,8.65625,7.429688,-11.64062,-12.375,18.1875,49.97656,30.65625,6.210938,-12.125,-23.13281,0.5859375,-7.484375,3.273438,-13.10938,-26.79688,-17.26562,-14.08594,10.36719,-7.234375,-38.28906,-33.89062,-45.86719,-31.92969,-45.38281,5.476562,18.67969,-0.8828125,6.453125,2.054688,4.5,4.984375,-15.79688,-23.86719,-13.83594,-19.21875,-27.53125,-14.82031
-8.914062,-10.875,-11.60938,-24.8125,-29.45312,-35.8125,-17.71875,-25.78906,-69.79688,-134.8359,-124.8125,-84.71094,-94,-112.8281,-80.79688,-90.09375,-85.44531,-67.10938,-56.59375,-73.71094,-76.89062,-53.17188,-127.2578,-142.4141,-67.59375,-35.32031,-10.14062,29.46875,27.02344,13.82031,-26.03125,-19.1875,-6.71875,1.109375,-5.984375,-23.58594,-23.34375,-39.47656,-75.17969,-49.01562,-39.72656,-50.23438,-26.52344,-16.00781,-11.60938,-19.92188,-44.85938,-71.02344,-71.26562,-68.32812,-45.35156,-28.96875,-43.39062,-43.88281,-49.75,-25.05469,-43.39062,-79.82031,-50.48438,-16.00781,-9.40625,-33.60938,-42.17188,-37.28125,-12.58594,-33.60938,-39.23438,-36.05469,-40.46094,-24.07812,-27.00781
14.97656,29.40625,-2.625,-141.2578,-264.7266,-339.7891,-334.8984,-344.4375,-381.3516,-465.2188,-524.6328,-409.9609,-212.4062,-85.51562,-35.14844,-12.40625,17.91406,3.484375,8.375,-30.99219,-34.16406,-22.67188,-1.40625,23.53125,13.75781,18.89062,26.96094,38.20312,25.49219,-0.671875,5.445312,23.78125,-0.9140625,-25.85156,-36.36719,-8.007812,-6.78125,-39.78906,-29.03125,-41.25781,-2.875,23.28906,-16.80469,-65.95312,-51.77344,-17.78906,7.640625,6.171875,-14.11719,-18.03125,-41.5,-43.46094,-33.92188,3,-9.960938,-24.14062,-37.59375,-20.23438,-50.79688,-26.58594,-21.45312,-21.21094,-7.757812,-18.51562,-8.25,4.953125,-9.960938,10.82031,11.55469,-35.875,-37.10156
-1.3125,14.82812,5.78125,-35.78906,-83.70312,-126.25,-146.2969,-131.3828,-84.6875,-51.92188,-58.03125,-55.10156,-34.5625,-48.5,-34.07031,-29.42969,-56.8125,-51.92188,-48.00781,-27.96094,7,18.49219,-6.9375,16.28906,-3.757812,-26.00781,5.289062,18.98438,-1.070312,-10.35938,-17.20312,-7.664062,-6.445312,-4,-11.33594,-39.69531,-32.85156,-13.28906,-23.07031,-19.64844,-4.976562,-23.80469,-5.226562,-25.27344,-14.51562,-0.3359375,10.17969,31.21094,27.05469,6.023438,33.16406,20.20312,-6.203125,-17.9375,-30.40625,-30.89844,-36.51562,-16.46875,-6.6875,-23.3125,-44.58594,-35.29688,-13.78125,-10.84375,-15.49219,-15.98438,-6.6875,-8.890625,-5.46875,10.42188,-11.33594
7.632812,16.1875,-17.79688,-54.71875,-46.40625,-82.83594,-289.1875,-384.3047,-391.6328,-386.75,-331.2422,-198.7266,-95.30469,-16.32812,-9.484375,-18.77344,4.695312,10.5625,11.05469,13.25,47.96875,30.125,18.875,11.53906,-12.42188,-9,-7.53125,-4.59375,-15.60156,-10.71094,19.11719,28.89844,16.42969,2.984375,7.140625,0.5390625,4.9375,-9,7.140625,35.25781,42.10156,14.23438,-6.796875,-7.773438,-12.42188,-15.10938,-5.570312,-33.9375,-22.19531,-29.53125,-22.19531,-8.265625,-19.50781,-35.64844,-37.35938,-7.53125,-17.3125,-46.89062,-69.63281,-64.25,-49.09375,-53.00781,-22.6875,1.757812,-48.11719,-86.5,-50.80469,-44.20312,-40.53906,-16.82031,-43.96094
13.17969,1.6875,-15.17969,-48.92188,-250.6328,-482.1719,-486.0859,-412.4922,-350.3906,-304.9141,-287.5547,-311.0234,-355.0312,-446.7188,-578.5078,-618.6016,-518.3594,-391.4609,-335.7188,-241.3438,-124.7188,-10.78125,-6.867188,-10.53125,-11.75781,9.757812,15.86719,11.71094,15.86719,-6.132812,-29.60938,-1.492188,-6.625,-29.60938,-37.67188,-7.84375,25.16406,19.29688,-27.89062,-37.92188,-5.648438,-14.44531,10.73438,9.515625,-11.02344,-10.53125,-13.22656,-20.80469,17.33594,34.94531,18.5625,13.91406,17.82812,-1.492188,-5.398438,4.867188,-3.445312,3.648438,13.67188,-7.359375,7.070312,3.890625,7.554688,17.82812,23.45312,-4.179688,-3.203125,1.9375,-24.71875,-26.91406,-22.51562
20.71875,3.84375,-1.046875,-26.22656,-32.34375,-92.48438,-292.7344,-388.8203,-396.3984,-388.5781,-351.4141,-305.6875,-291.2656,-334.5391,-297.375,-159.4766,-73.90625,-26.96094,-18.40625,-12.53906,27.07031,27.07031,16.07031,27.80469,28.78125,-20.60156,-27.20312,-47.98438,-25.74219,-12.78125,-14.73438,10.44531,5.804688,18.02344,7.265625,-17.42188,-46.52344,-44.5625,-14.73438,-28.91406,-35.51562,-6.914062,-3.734375,28.29688,47.36719,36.60938,18.02344,11.91406,9.226562,-14.98438,1.398438,27.80469,42.23438,63.99219,62.77344,55.92188,28.78125,22.91406,22.91406,32.69531,8.25,-8.132812,18.02344,17.04688,24.14062,18.02344,19.25,34.65625,-8.132812,-33.32031,-28.1875
33.61719,47.79688,-6.234375,-17.96875,-32.64062,-28.48438,-42.91406,-32.39844,-15.03906,-45.10938,-57.57812,-114.7891,-138.2656,-113.5703,-59.04688,-21.14844,4.28125,27.99219,30.4375,-7.460938,20.17188,-21.88281,-50.73438,-14.78906,-3.789062,0.609375,-0.3671875,4.765625,-18.95312,-4.765625,1.835938,-7.460938,1.101562,-33.86719,-27.01562,-31.42188,-22.125,-39.24219,-9.171875,-3.546875,2.570312,18.21094,9.898438,8.4375,-2.570312,1.34375,11.125,-4.523438,-14.54688,-9.90625,-24.57031,-18.70312,-37.28906,-48.78125,-18.46094,-26.03906,-34.84375,-44.625,-30.92969,-16.01562,-22.85938,-25.79688,-13.57031,-12.35156,-43.89062,-64.42969,-33.86719,-60.27344,-61,-50.24219,-49.02344
32.74219,31.03125,-4.421875,-55.03125,-98.55469,-187.3047,-288.2812,-293.4141,-303.9297,-331.3125,-340.1172,-321.2891,-321.5312,-238.8906,-117.1328,-46.71875,-34.73438,-9.3125,8.046875,6.828125,3.648438,31.03125,7.070312,-1.484375,0.9609375,3.648438,33.23438,43.99219,47.17188,27.85156,19.78906,38.125,41.54688,16.35938,-6.867188,23.45312,-5.640625,-6.375,26.14062,3.648438,-10.53125,-15.42188,-12.24219,-9.554688,10.98438,16.11719,16.11719,19.05469,-0.265625,4.625,-8.820312,-17.625,-31.07031,-12.24219,-28.13281,-31.5625,-19.57812,4.382812,-21.04688,-15.42188,-14.92969,-29.60156,-12.24219,-8.085938,8.78125,10.74219,4.867188,-17.13281,-31.3125,-4.90625,-17.86719
16.29688,33.89844,28.03125,-37.98438,-191.5234,-251.4297,-278.8125,-331.625,-348.7344,-328.9375,-289.8125,-219.6406,-99.59375,-33.09375,-25.02344,-18.17969,-8.398438,-11.82031,-28.44531,-12.0625,-7.90625,2.609375,-3.75,-32.10938,-20.86719,6.03125,-26,-53.875,-49.22656,-57.05469,-14.50781,4.070312,7.007812,8.476562,-6.929688,-17.19531,-37.98438,-8.882812,4.070312,3.585938,30.23438,28.28125,11.16406,-34.55469,-51.42969,-26.73438,2.609375,10.42969,19.71875,-29.66406,-41.89062,-28.20312,-40.91406,-29.17969,-32.35938,4.804688,-6.4375,5.78125,-8.882812,-55.82812,-51.91406,-41.15625,-44.58594,-10.59375,11.89844,21.42969,-11.82031,-15.73438,-18.66406,-27.46875,-14.02344
-2.515625,-9.851562,-15.96094,-20.36719,-99.33594,-217.4297,-278.3125,-304.9609,-279.2891,-313.0312,-336.9922,-327.9453,-347.9922,-369.5078,-364.375,-356.5469,-348.9688,-306.6719,-182.4688,-81.73438,-62.17188,-13.76562,-5.203125,14.10938,37.58594,15.33594,1.640625,-4.226562,-14.98438,2.132812,-12.53906,-38.94531,-21.34375,-7.40625,-5.445312,38.80469,39.53906,11.91406,-14.00781,-28.92188,-18.64844,-16.20312,-10.33594,8.484375,-2.023438,12.15625,18.51562,12.15625,23.39844,25.10938,0.171875,-3.492188,29.75781,50.29688,35.875,37.82812,51.27344,58.85156,40.51562,13.86719,5.554688,7.507812,7.75,-2.757812,9.21875,4.578125,-30.875,-16.20312,40.51562,56.40625,33.17969
20.80469,-2.421875,9.804688,-36.16406,-210.7344,-308.5312,-340.3203,-340.0703,-339.0938,-382.125,-397.5312,-346.9219,-296.5547,-191.1719,-83.10938,-24.91406,-10.49219,22.03125,20.5625,1.976562,-11.96094,5.648438,-0.46875,13.71875,14.69531,19.58594,1,1,-6.335938,2.226562,-1.195312,-36.89844,-16.35938,3.203125,28.38281,11.27344,-0.7109375,0.0234375,-27.60156,-50.10156,-47.89844,-8.289062,-12.20312,-42.51562,-47.40625,-44.71875,-29.5625,-23.69531,-11.46875,-40.32031,-43.5,-63.78906,-44.23438,-41.05469,-53.52344,-55.96875,-66.23438,-99.24219,-86.03906,-64.03906,-36.16406,-43.5,-36.16406,-44.96094,-75.52344,-88.48438,-104.1328,-69.17188,-84.57031,-98.26562,-82.125
-12.41406,-2.875,-1.65625,-89.1875,-161.3125,-190.8984,-225.125,-215.1016,-210.9453,-212.6562,-175.9844,-148.3516,-77.69531,-28.79688,-15.34375,-24.39062,-7.03125,-13.63281,-33.19531,-23.17188,-14.61719,-23.17188,-18.52344,-9.234375,-12.89844,-24.14844,-34.90625,-14.85938,-19.01562,-32.70312,-14.61719,-19.25781,-48.84375,-64.73438,-59.60156,-19.25781,5.4375,-19.5,-35.64062,0.546875,31.84375,40.39844,41.86719,36.73438,-13.63281,10.07812,19.375,35.75,7.632812,-18.77344,-22.19531,-20.96875,-14.61719,31.10938,-2.140625,10.32812,20.59375,4.460938,14.48438,-7.28125,13.99219,40.15625,13.75,20.10156,2.992188,0.546875,25.24219,6.65625,-8.257812,3.726562,20.59375
-17.70312,7.96875,-12.8125,-16.72656,-39.21875,-115.5,-329.1953,-469.2891,-421.6172,-380.5391,-367.3359,-289.8281,-153.8906,-50.21875,-29.4375,-29.92969,-12.57031,-28.21875,-22.10156,-39.46094,-54.13281,-13.05469,8.210938,-2.789062,-11.59375,-28.95312,-47.28906,-21.36719,17.01562,25.08594,11.39062,24.35156,16.28125,6.257812,22.88281,1.609375,-17.94531,-14.03906,-7.679688,6.992188,-2.296875,-4.257812,-10.85938,-42.39844,-3.765625,-10.60938,6.75,35.84375,40.24219,25.08594,-15.99219,9.679688,-11.10156,-2.546875,-18.4375,-13.05469,6.992188,18.96875,-9.148438,-23.08594,-34.32812,-38.24219,-26.25781,-21.36719,-14.28125,-1.570312,51,28.75,-2.546875,29.48438,12.36719
30.27344,16.82812,-0.53125,-31.09375,-192.4688,-313,-373.6406,-469.2344,-319.1172,-125.9609,-76.82031,-76.57031,-42.10156,-23.75781,-12.02344,10.71094,-21.07031,-52.36719,-10.80469,-26.69531,-31.09375,-4.445312,-9.09375,-10.3125,-7.382812,-13.98438,5.820312,1.421875,-46.74219,-17.64844,-50.65625,-26.20312,-24.98438,-19.11719,-17.64844,-2.976562,-8.601562,-37.94531,-12.51562,-1.757812,3.867188,-17.64844,-40.875,-43.07812,-82.4375,-35.5,8.757812,-18.625,-17.89062,-31.82812,-36.23438,-57.5,-51.63281,-39.40625,-29.38281,-20.09375,-12.27344,-22.53906,5.085938,-11.28906,-6.398438,7.289062,23.17969,21.71875,13.89062,-0.78125,-3.226562,0.203125,5.335938,1.914062,21.96094
6.15625,5.179688,-3.625,-98,-361.8125,-518.5391,-541.7656,-580.6406,-639.0781,-672.8125,-686.5078,-705.5781,-746.6562,-721.9609,-725.625,-715.1172,-705.3359,-675.9922,-676.4844,-662.7891,-647.875,-653.7422,-688.4609,-649.3438,-634.9219,-633.4531,-675.0156,-703.8672,-702.6484,-708.2656,-684.0625,-655.7031,-820.25,-954.9688,-571.8359,-213.6484,-92.86719,-63.28125,-20.25,22.04688,4.6875,0.2890625,1.265625,-11.20312,12.75781,-5.335938,-14.14062,-19.75781,-4.117188,16.42188,-11.20312,-15.60156,-31.00781,-22.45312,8.84375,-30.51562,-41.03125,-7.289062,5.914062,-5.578125,-11.20312,-22.9375,-18.78125,-16.09375,-21.22656,-17.5625,17.89062,14.22656,20.82812,7.375,14.22656
19.38281,-9.710938,4.226562,-21.9375,-133.4297,-286.9766,-360.8125,-405.5547,-402.1328,-405.7969,-271.0781,-95.77344,-67.17188,-36.85156,5.9375,-7.023438,-35.875,-7.757812,11.5625,7.890625,6.421875,17.67188,16.44531,13.27344,-10.6875,-30.00781,-11.17969,7.648438,-15.82812,-20.22656,-30.00781,-34.89844,-6.046875,1.046875,-21.44531,-9.953125,-17.04688,-36.60938,-15.82812,14.00781,21.33594,23.78125,17.42969,18.89062,-0.6640625,2.515625,7.890625,-27.5625,-14.10938,-23.15625,-13.13281,-10.6875,9.359375,5.203125,4.46875,-1.890625,0.5546875,-8,10.09375,22.5625,-30.74219,3.25,-8.976562,-13.13281,-27.3125,-53.47656,-38.07031,-0.1796875,10.82812,-21.9375,-24.38281
-45.33594,-34.33594,-9.882812,-73.21094,-149.0078,-175.4141,-219.4219,-212.5781,-234.8281,-344.1172,-457.0703,-473.2109,-353.8984,-190.8125,-101.5703,-73.94531,-66.11719,-45.82812,-22.10938,-15.50781,-0.109375,-9.882812,-5.726562,16.03125,-5.726562,1.359375,17.5,4.78125,-19.91406,-0.84375,-15.02344,-36.04688,-8.171875,-25.53125,10.40625,22.63281,-3.53125,-48.27344,-28.71094,-16,-28.46875,-28.96094,-38.98438,-19.42188,-34.09375,-18.92969,-1.820312,-16.97656,-17.71094,-13.55469,-39.71875,-75.41406,-41.42969,-36.53906,-34.57812,-19.66406,-20.89062,17.74219,20.92188,-19.42188,-59.52344,-44.60156,-28.46875,-17.21875,12.11719,14.32031,5.515625,-6.21875,5.03125,34.60938,52.95312
-12.39844,-15.08594,-10.92969,-60.07031,-74.74219,-26.57812,-110.6875,-280.6094,-341.25,-372.5391,-368.3828,-346.8672,-366.4297,-399.6797,-358.6094,-198.9453,-100.4141,-52.74219,-28.53125,-40.02344,-30.73438,-1.640625,-17.53125,-0.90625,-21.44531,-12.64062,2.765625,22.07812,45.30469,22.32031,-29.26562,-56.16406,-43.44531,-4.085938,-9.460938,32.59375,14.98438,21.58594,31.125,22.07812,-4.328125,-13.375,18.65625,22.07812,21.83594,10.09375,11.80469,16.21094,11.07812,-1.882812,0.5625,22.32031,-14.84375,-4.570312,-3.59375,-10.92969,-33.67188,-49.80469,-29.50781,-34.39844,-52.74219,-34.15625,-23.89062,-20.71094,-29.50781,-11.90625,7.898438,17.42969,3.007812,-39.78125,-43.20312
-29.99219,-27.54688,-12.39062,-112.1406,-260.7969,-297.2266,-342.2188,-327.7891,-289.8906,-310.6719,-248.8203,-134.6328,-37.8125,15.72656,21.84375,11.32812,23.0625,2.53125,-5.539062,-18.00781,7.171875,-6.515625,-18.00781,12.0625,16.21875,17.6875,26.97656,-1.140625,25.02344,38.22656,30.15625,39.20312,7.664062,5.953125,21.10938,9.125,23.3125,22.57812,29.91406,25.50781,9.859375,-19.23438,1.304688,0.5703125,-16.54688,1.796875,11.08594,14.01562,7.171875,12.55469,7.90625,15.72656,-3.828125,10.10938,-1.875,-15.07812,26,6.4375,-22.65625,-2.609375,3.257812,-0.8984375,-1.140625,-31.21094,-36.35156,-27.78906,0.8125,-26.8125,-9.453125,-20.70312,-12.39062
23.58594,26.27344,15.27344,-47.32031,-123.6016,-201.6016,-200.6172,-194.75,-184.2422,-165.4141,-146.0938,-57.83594,13.5625,37.27344,29.45312,40.70312,10.38281,4.757812,6.960938,15.75781,-2.578125,46.32031,35.8125,31.65625,24.5625,23.34375,28.96094,45.34375,43.875,38.74219,44.60938,36.29688,47.78906,7.445312,20.64844,21.38281,17.96094,13.07031,5,-2.328125,7.9375,13.5625,2.070312,3.539062,-12.10938,-16.26562,-31.42969,-43.64844,-45.85156,-39.25,-31.17969,-7.21875,-0.8671875,3.539062,-0.8671875,-18.96094,-6.734375,-25.07031,-19.20312,-18.46875,-32.89062,-36.5625,-22.625,-14.07031,-33.625,-40.22656,-12.60156,-35.58594,-41.20312,-28.00781,1.578125
-15.03125,-2.070312,-9.164062,-41.4375,-124.8125,-261.9766,-324.0781,-331.4141,-399.1406,-369.5547,-348.0391,-241.6797,-106.7188,-47.0625,-21.39062,-39.23438,-13.8125,-14.05469,-24.07812,7.21875,-21.14062,-28.23438,19.19531,31.17969,10.64062,-23.10156,10.88281,-3.054688,-4.765625,-13.5625,-27.99219,-39.72656,-10.38281,-0.609375,-33.125,-46.08594,-57.32812,-18.94531,-21.14062,-4.765625,5.992188,-15.52344,-16.74219,-18.94531,-15.52344,17.73438,39,22.13281,20.66406,19.92969,17.24219,15.03906,38.02344,11.375,6.976562,16.01562,20.17969,19.6875,34.84375,38.02344,33.375,59.53906,34.35938,29.71094,20.90625,27.50781,23.35156,20.42188,19.44531,8.4375,28.24219
-22.32812,-17.19531,18.99219,-20.86719,-43.11719,-107.6641,-260.4766,-318.4219,-377.8359,-385.4141,-348.7344,-288.5938,-162.1875,-50.69531,-26.73438,-39.6875,-59.74219,-50.20312,-22.57812,31.21094,6.515625,19.23438,22.41406,35.125,14.82812,-3.75,-7.171875,-37.97656,-14.01562,8.71875,19.96875,10.42969,-18.90625,-4.242188,17.52344,5.054688,12.14062,29.99219,2.359375,34.63281,39.28125,-9.375,-21.35156,17.27344,46.125,53.95312,49.79688,53.95312,25.34375,23.39062,-3.75,-14.75,-1.796875,10.67188,23.39062,14.10156,9.695312,-0.0859375,0.8984375,-0.0859375,-10.35156,3.828125,21.67969,9.453125,-6.6875,7.742188,24.125,25.83594,29.5,25.58594,39.28125
35.41406,18.30469,-18.375,-150.1562,-281.2109,-336.2188,-362.1406,-396.125,-397.5859,-381.6953,-374.3594,-343.3125,-222.2812,-82.42969,-57.49219,-62.625,-33.28906,-10.78906,-17.14844,-19.83594,-16.17188,-25.21875,-8.59375,-4.1875,-28.14844,-35,-26.4375,-5.171875,-12.50781,-43.07031,-28.88281,-13.48438,-22.28125,-39.15625,-40.375,-30.84375,-37.19531,-38.17969,-35.73438,-5.414062,-20.82031,-27.90625,-46,-50.39844,-34.02344,7.054688,-13.48438,-13.23438,12.1875,0.2109375,-19.10938,-4.921875,-15.92969,-54.80469,-40.375,1.1875,-4.679688,3.875,3.140625,6.570312,-16.90625,-27.66406,-9.8125,2.164062,31.01562,24.41406,12.1875,5.835938,31.75,-1.5,-3.703125
7.546875,23.4375,24.17188,-71.67188,-255.5391,-330.6016,-388.0547,-411.5234,-415.6797,-395.6328,-278.0312,-121.7969,-35,-64.09375,-37.20312,-20.82031,-0.765625,-6.640625,-20.57031,-4.929688,-27.66406,-21.79688,-46.97656,-26.44531,-18.125,5.828125,25.88281,8.765625,-25.71094,-37.92969,-24.48438,-7.125,4.117188,-20.32812,-15.92969,-26.6875,-32.79688,-26.6875,-24.72656,-3.460938,-17.64062,-16.41406,-24.97656,1.1875,-0.0390625,-10.79688,-7.617188,-18.61719,20.99219,25.63281,6.320312,-18.85938,-12.01562,1.429688,7.054688,-13.48438,-13.48438,-5.90625,-14.46094,14.39062,15.60938,-5.171875,-14.95312,-20.57031,7.054688,-19.35156,-27.17188,-29.13281,-39.64844,-14.21875,-22.03906
-0.2421875,8.070312,11.74219,-86.30469,-223.9531,-282.1484,-289.9688,-311.2422,-324.9297,-331.2891,-319.7969,-250.6016,-151.0938,-51.82812,-24.6875,-49.14062,-64.29688,-14.42188,-2.6875,-6.59375,-11.24219,-8.554688,-28.84375,-25.66406,-32.26562,-20.28906,-2.6875,-9.773438,-24.92969,-1.460938,-22.73438,-7.085938,3.914062,0.0078125,-18.08594,-37.40625,-34.71094,-10.75,-10.50781,7.828125,22.99219,11.25,-1.953125,-3.664062,-37.40625,-2.4375,-22.97656,-32.75781,-10.75,-6.351562,22.00781,30.07812,26.16406,3.1875,8.804688,27.39062,2.453125,40.83594,4.898438,-1.953125,3.671875,2.203125,22.99219,27.14844,34.96875,39.125,4.40625,0.25,12.96094,25.67969,39.85938
-12.1875,13.48438,22.03906,-21.96875,-173.3125,-317.0781,-422.7031,-442.0156,-395.0703,-286.0234,-144.7031,-75.75781,-35.41406,-22.70312,-28.57031,-24.89844,-21.47656,-2.164062,11.53125,-17.57031,-25.39062,-54.73438,-63.77344,-43.96875,-23.92188,-11.69531,-17.07812,-9.984375,-18.29688,-51.30469,-53.26562,-65.97656,-92.625,-48.13281,1.015625,5.664062,0.0390625,-0.453125,-15.36719,30.84375,36.71094,4.929688,-10.23438,-8.03125,-10.47656,-2.40625,14.95312,24.24219,1.257812,-9.5,-3.875,-10.96875,-29.78906,-9.25,10.30469,15.6875,8.59375,2.96875,-5.585938,-8.765625,8.835938,-12.67969,-24.41406,-48.85938,-25.14844,-4.851562,20.57812,-3.140625,-44.70312,-38.35156,-44.95312
18.85938,7.125,-0.6953125,-26.61719,-41.28906,-69.40625,-215.8594,-318.5469,-349.3516,-385.0469,-492.1406,-598.9844,-477.2266,-228.8125,-109.9922,-74.28906,-35.90625,-7.054688,21.54688,-2.65625,-17.07812,-6.8125,-22.70312,-17.07812,14.21875,10.30469,26.19531,40.625,27.66406,30.84375,11.52344,-0.6953125,12.99219,25.71094,-20.99219,-54.73438,-22.94531,-11.70312,17.39062,27.17188,-12.92188,18.61719,52.60156,34.75,7.617188,-31.50781,-22.70312,-25.14844,-29.30469,-12.67969,-7.546875,-6.8125,-4.609375,8.351562,14.94531,21.54688,-5.585938,10.54688,7.125,-55.46875,-42.01562,-19.52344,-18.30469,2.234375,17.88281,9.328125,-5.101562,-25.64062,-6.8125,7.367188,4.679688
11.96875,-23.72656,-10.52344,-13.21875,-31.55469,-68.47656,-215.1719,-311.2578,-354.7812,-346.7109,-328.375,-342.5547,-336.6875,-333.5078,-358.9375,-365.2969,-364.3125,-347.6875,-378.25,-371.4062,-232.2891,-131.5547,-65.29688,-63.09375,-71.64844,-45.73438,-20.0625,-16.39844,-17.85938,1.695312,5.367188,-12.96875,-36.6875,-52.33594,-34,-29.60156,-38.64062,-47.6875,-63.82812,-36.6875,-10.28125,-43.04688,-32.53125,-16.14844,-4.65625,-33.75781,-16.88281,-22.01562,-31.55469,-33.02344,-14.19531,-11.75,-1.234375,18.8125,3.898438,-2.703125,11.71875,32.50781,23.21094,35.4375,32.25781,14.65625,5.117188,-18.10938,-21.53125,-8.8125,20.52344,16.60938,44.48438,40.32812,-3.195312
16.00781,54.15625,16.99219,-24.57812,-178.6094,-396.2109,-579.5859,-610.3906,-380.0781,-161.4922,-76.16406,-19.19531,16.99219,2.5625,-1.101562,-50,-27.02344,-2.328125,5.742188,-39,-6.726562,29.94531,4.273438,2.320312,-15.28125,4.273438,-12.10938,-20.66406,-11.375,-1.59375,-10.14844,-17.24219,-13.32812,27.99219,8.679688,1.09375,29.46094,15.28125,27.01562,27.25781,26.52344,31.17188,31.65625,18.21094,-1.59375,-39.49219,-13.08594,10.63281,26.52344,18.70312,-10.88281,-12.59375,-3.789062,16.99219,24.32812,-11.125,-5.015625,18.94531,-9.664062,13.8125,-3.789062,-24.08594,32.88281,8.679688,-5.507812,-11.85938,-24.08594,28.23438,24.57031,3.054688,3.296875
15.10938,-9.585938,4.59375,-74.13281,-226.7031,-276.3359,-313.7422,-351.8828,-356.7734,-337.2188,-372.9141,-321.8125,-138.1953,-43.82031,2.390625,-14.23438,-18.88281,9.484375,6.796875,3.367188,-19.125,-46.01562,3.859375,27.32812,22.92969,0.1953125,-10.8125,-11.54688,-16.4375,-6.40625,-19.36719,-8.609375,11.67969,21.71094,35.15625,27.82031,42,20.97656,1.171875,-2.984375,13.14844,12.17188,6.0625,-14.96875,-20.34375,-4.453125,33.44531,27.32812,4.101562,-8.125,12.17188,-38.67969,-51.15625,-42.35156,-3.71875,9.726562,15.59375,16.57031,23.90625,34.66406,17.30469,44.20312,14.375,-0.0546875,29.03906,28.3125,13.14844,-7.140625,14.61719,16.08594,-37.46094
20.09375,32.5625,25.22656,-60.35156,-223.6719,-326.3594,-312.9141,-305.0938,-331.25,-352.7656,-332.4766,-334.6719,-313.1562,-332.2344,-362.3047,-369.3906,-365.4844,-358.1484,-352.0312,-254.2344,-112.6719,-12.91406,41.35938,27.91406,-11.20312,-44.45312,-20.25,-19.75781,-4.359375,1.757812,-0.6875,-33.69531,-35.89844,11.28906,-21.96094,-44.45312,-33.94531,-5.09375,-18.53906,-42.99219,-37.36719,-29.53906,-29.05469,-19.51562,-15.60156,-21.71875,-47.63281,-76.48438,-62.30469,-42.99219,-19.51562,-30.52344,-8.515625,-4.359375,-1.179688,28.40625,34.75781,-9.984375,-59.125,-53.01562,-44.94531,-17.80469,11.04688,-1.179688,-17.07031,-16.82812,5.664062,-20.49219,-66.95312,-36.63281,-30.03125
3.78125,17.71875,-12.10938,-69.07812,-141.2031,-150.7422,-105.5078,-68.82812,-23.84375,4.273438,23.34375,22.125,8.1875,-3.304688,-19.44531,-6.976562,-4.039062,16.00781,-6.484375,-32.64844,-71.03125,-62.47656,-41.44531,6.226562,-4.039062,-22.86719,-6.976562,-33.625,-19.19531,8.671875,8.671875,17.23438,15.52344,33.60938,-4.773438,-28.24219,-41.9375,-23.10938,-8.929688,-7.953125,-22.625,-41.69531,0.359375,12.82812,-18.71094,-23.35156,-14.30469,19.67969,16.98438,3.296875,-46.33594,-34.60156,-15.77344,-3.0625,-7.953125,-32.39844,42.90625,30.92188,8.671875,-16.02344,-28,-31.66406,-31.42188,-31.91406,-22.625,8.429688,23.58594,23.83594,21.63281,-18.46875,-6.242188
-4.476562,8.726562,-4.71875,-136.9922,-287.1172,-293.2266,-285.3984,-260.7109,-277.8203,-276.6016,-177.0859,-71.21875,-50.4375,-6.921875,12.64062,-33.32812,-3.984375,-13.52344,-11.32031,-13.27344,-0.8046875,17.03906,28.04688,-1.046875,-16.94531,-36.99219,-37.72656,-32.34375,-20.36719,-42.125,-33.57031,-2.765625,-13.27344,-18.89844,-38.21094,-4.226562,-0.0703125,-6.429688,-25.25781,-35.52344,-38.21094,-32.83594,-0.0703125,-12.53906,10.4375,6.53125,21.6875,29.02344,21.92969,24.13281,15.08594,19.48438,16.3125,5.0625,22.66406,29.75781,10.6875,13.13281,-21.58594,-16.45312,-13.03125,3.59375,39.28906,19.97656,16.55469,20.95312,28.78125,13.61719,3.835938,3.835938,6.28125
-5.4375,20.47656,-7.640625,-21.82031,-39.17969,-155.5547,-393.2109,-577.5625,-504.2109,-472.1875,-468.5156,-376.3438,-294.9219,-256.0469,-174.875,-62.40625,-21.32812,-22.79688,14.60938,1.164062,-0.0546875,25.85938,13.39062,-3.234375,23.17188,54.21875,24.64062,0.6796875,-26.21875,20.23438,33.67969,23.65625,8.5,13.88281,29.52344,-2.015625,5.5625,16.57031,-8.367188,-4.210938,-16.92969,-18.88281,11.67969,40.03906,62.04688,57.15625,21.21094,-10.57031,5.320312,19.25781,19.01562,17.30469,27.32812,2.140625,-3.726562,0.1875,18.52344,15.34375,13.39062,-4.460938,0.4296875,21.21094,26.35156,42,48.60156,40.53125,60.82031,8.007812,-15.70312,-16.19531,-23.03906
46.75,60.4375,28.89844,-46.64844,-164.2578,-258.875,-289.9297,-340.5391,-367.6797,-337.6016,-358.6328,-322.4453,-171.8359,-88.21875,-24.89062,-19.50781,-41.75781,-23.91406,-42.49219,-19.02344,-8.507812,-25.625,-30.75781,-2.882812,-22.44531,-26.84375,-21.95312,-45.67188,-52.03125,-20.24219,-17.55469,-21.46875,7.140625,31.34375,33.05469,2.007812,1.515625,24.74219,30.60938,7.382812,17.89844,48.70312,36.96875,19.60938,6.898438,1.757812,20.09375,21.8125,33.05469,34.52344,21.8125,22.78906,-9.976562,-15.60156,-29.53906,-29.28906,-19.50781,-4.351562,-16.57812,-43.71875,-60.34375,-33.69531,-25.86719,-31.98438,-32.71094,-27.09375,-30.02344,-20.24219,-6.304688,-25.625,12.76562
-26.90625,-20.54688,33.73438,-19.8125,-56.73438,-95.60938,-253.7969,-388.2734,-438.8828,-418.1016,-416.6328,-415.6562,-415.8984,-338.1484,-185.3359,-91.9375,-56.97656,-49.15625,-25.92188,3.414062,22.24219,42.78125,30.79688,-11.00781,-23.96875,-26.41406,-32.52344,15.14844,21.75,-2.695312,-9.789062,10.25781,43.26562,50.35938,60.38281,58.42969,26.15625,22.72656,45.71094,49.625,37.89062,-13.21094,-4.164062,10.75,6.351562,-25.92188,2.4375,-0.25,9.039062,36.91406,45.46875,16.85938,-8.8125,-3.1875,-7.101562,48.15625,52.80469,17.59375,-0.7421875,40.33594,42.28906,23.21875,18.08594,16.85938,13.92969,12.21875,10.25781,16.375,27.375,25.17188,30.3125
-14.45312,7.554688,14.88281,-19.34375,-152.3516,-364.8203,-471.4219,-416.6562,-306.875,-127.4141,-59.19531,-37.92188,-15.92188,3.398438,17.08594,33.96094,43.49219,25.64062,9.015625,36.64844,32.73438,29.79688,20.26562,31.02344,59.38281,39.09375,2.171875,-9.5625,-12.74219,-1.007812,13.17188,21,16.35156,18.3125,9.015625,-1.984375,17.57812,49.85156,62.5625,61.82812,45.44531,12.19531,-14.94531,17.32812,-0.03125,-5.164062,23.19531,11.21875,-0.7578125,7.554688,-24.96875,-23.25781,-3.203125,-15.92188,-10.53906,-3.203125,19.03906,31.75781,29.79688,20.02344,4.859375,-0.2734375,-16.65625,3.398438,18.55469,10.72656,1.195312,-12.74219,-6.632812,-7.117188,-1.007812
-67.60156,-53.91406,-12.59375,-44.61719,-46.32812,-18.94531,-32.39844,-119.9219,-161.9766,-146.0859,-99.39062,-61.73438,-63.20312,-50.73438,-73.96094,-72,-71.51562,-43.39844,-13.57031,-27.25781,-43.39844,-65.89062,-56.84375,-38.50781,-38.50781,-35.32812,-25.0625,-45.35156,-40.95312,-28.23438,-54.15625,-38.99219,-40.95312,-62.95312,-42.66406,-48.03906,-42.42188,-40.46094,-21.39062,-45.10938,-70.28906,-45.84375,-21.88281,16.01562,-1.835938,-24.57031,-6.71875,21.14844,16.01562,3.054688,-9.898438,-11.60938,-17.72656,-29.70312,-26.52344,-10.14844,-9.414062,-23.35156,-9.898438,-17.23438,-13.57031,-27.75,-15.03906,-28.23438,-14.78906,-29.70312,-29.46094,-30.19531,-19.67969,1.34375,-13.57031
51.75781,9.953125,18.02344,-78.07031,-191.0234,-271.4688,-296.8906,-296.4062,-320.8516,-316.4531,-225.7422,-102.5156,-22.57031,-36.99219,-6.1875,5.0625,-5.695312,-11.5625,9.460938,21.19531,13.13281,-17.1875,-10.82812,-3.492188,-0.5625,-18.89844,-42.61719,18.26562,11.17188,1.882812,11.42188,16.3125,-3.007812,-12.05469,4.820312,-9.609375,15.08594,-1.046875,-1.78125,-12.53906,-4.960938,-18.89844,-8.382812,-14.74219,-11.07812,-10.09375,4.820312,11.90625,-9.367188,0.171875,10.6875,10.6875,-17.42969,-1.78125,-1.539062,-33.32812,-21.58594,13.375,7.507812,10.19531,41.49219,58.35938,27.3125,7.015625,15.82031,15.32812,13.86719,9.460938,1.640625,22.66406,25.10938
13.78125,-4.5625,-1.382812,-72.77344,-204.0703,-135.3672,-12.14062,-10.17969,-12.875,26.98438,24.28906,18.91406,-3.335938,7.179688,22.82031,30.15625,19.89062,4.242188,-29.25781,-23.875,0.578125,5.21875,-3.578125,-19.22656,-29.98438,-2.851562,35.04688,-0.6484375,-39.28125,-40.74219,-7.734375,16.95312,22.33594,20.38281,-3.578125,-14.33594,12.0625,5.460938,-13.85156,17.44531,20.625,26.98438,38.22656,48.5,17.20312,3.75,26.49219,21.35938,20.38281,41.40625,50.21094,23.3125,34.5625,15.49219,-10.67188,0.0859375,-6.273438,-2.359375,23.80469,5.710938,-11.16406,-6.023438,-31.94531,-27.05469,-23.875,-35.36719,-35.60938,-31.69531,37.49219,18.66406,-15.32031
-38.60938,-26.63281,-18.07812,-34.70312,-92.15625,-178.2188,-304.3828,-395.0938,-430.7891,-290.4453,-154.0156,-90.44531,-35.1875,-53.77344,-27.11719,-1.203125,4.90625,-17.82812,-8.296875,21.04688,46.71875,77.28125,56.98438,29.11719,-6.828125,-21.74219,-10.25,29.84375,20.80469,-4.625,-23.69531,-21.00781,-0.9609375,29.60156,13.21875,13.46875,1.976562,-3.40625,12.73438,33.51562,42.32031,49.16406,52.34375,38.40625,2.460938,-1.9375,36.44531,62.36719,82.90625,25.44531,-4.625,32.28906,38.40625,2.21875,-3.648438,7.84375,28.86719,17.13281,6.375,15.17969,-1.445312,0.5078125,24.71094,32.53906,19.82031,0.5078125,-8.539062,26.91406,29.11719,-1.203125,45.74219
24.47656,31.32031,29.85156,-37.875,-182.6172,-285.3047,-324.6719,-323.4453,-332.7344,-313.9141,-313.1797,-305.8438,-189.2188,-37.38281,18.35938,22.03125,0.7578125,11.02344,-12.6875,-4.132812,28.38281,20.5625,19.09375,41.83594,11.27344,17.38281,33.76562,29.36719,11.27344,44.52344,50.88281,10.04688,-3.398438,-0.4609375,9.3125,27.16406,50.39062,43.78906,31.32031,26.42969,3.695312,37.67969,56.75,54.0625,27.89844,42.32031,69.70312,79.48438,53.8125,12.74219,12.98438,34.98438,32.05469,24.71875,35.96875,29.11719,28.38281,5.15625,5.15625,19.09375,38.65625,-12.20312,26.1875,27.40625,-11.21875,12.25,22.51562,31.07812,40.125,21.29688,9.3125
-18.00781,34.55469,-0.6484375,-83.78125,-175.4688,-156.8828,-66.66406,-13.85156,4.242188,3.992188,-1.875,12.79688,-1.632812,18.17188,13.03906,-4.804688,-24.125,17.92969,-7.984375,-6.515625,17.6875,21.60156,32.10938,0.5703125,4.96875,1.796875,-1.382812,-5.296875,8.640625,6.6875,3.992188,5.703125,7.171875,-6.515625,-7.007812,18.66406,34.07031,21.84375,-8.71875,12.0625,19.64062,31.86719,3.507812,-49.0625,-44.90625,-31.70312,-25.34375,-47.83594,-50.03906,-32.67969,-14.34375,-18.00781,-26.57031,-56.64062,-31.46094,-11.16406,-3.34375,-21.67969,-29.01562,-19.23438,-37.32812,-31.46094,-12.14062,-12.63281,-7.984375,13.03906,7.414062,21.84375,4.726562,-16.54688,-23.875
-18.97656,3.273438,-0.1484375,-102.1016,-226.3047,-159.0703,-41.71094,-15.0625,-11.14844,-5.523438,-10.66406,-9.4375,-26.30469,-32.90625,-13.35156,-8.21875,7.429688,11.83594,-3.8125,-31.44531,-19.70312,-23.61719,1.078125,18.4375,-7.726562,-4.546875,-8.21875,3.03125,-7.234375,-21.66406,-46.60156,-19.21875,-8.945312,-7.96875,-23.86719,-24.35156,-12.125,0.09375,20.63281,-4.546875,4.257812,6.210938,-2.59375,-31.19531,-16.53125,0.34375,-27.53125,-50.75781,-11.14844,-11.64062,-24.10938,-20.92969,3.523438,3.523438,-16.53125,7.679688,2.054688,21.36719,21.125,-28.26562,-34.625,-9.4375,6.695312,6.945312,28.46094,23.57031,23.32812,23.57031,-2.59375,6.453125,11.58594
26.125,27.83594,9.015625,-83.16406,-218.125,-282.9219,-327.1719,-368,-364.8281,-336.9531,-363.3594,-244.7734,-101.0078,-39.89062,8.765625,23.67969,1.921875,21.96875,48.625,36.14844,8.28125,6.078125,-2.96875,-6.632812,13.41406,3.148438,-9.078125,-18.125,-6.148438,-8.101562,-7.367188,-23.99219,-29.85938,-0.03125,-7.609375,9.257812,24.90625,11.94531,16.83594,-1.992188,-31.82031,-38.90625,7.304688,16.35156,-7.125,-6.148438,-6.390625,-0.03125,-2.234375,3.875,40.55469,7.054688,11.94531,39.82031,-8.835938,-16.90625,-13.48438,9.015625,3.148438,0.2109375,-1.257812,-15.19531,-8.101562,-24.72656,-23.50781,-12.99219,-10.05469,5.101562,35.90625,13.65625,3.148438
-6.078125,-14.14844,19.83594,-53.50781,-183.5859,-280.4062,-309.2578,-343.4844,-325.8828,-323.6797,-358.6406,-435.4141,-446.1719,-262.5547,-127.3516,-42.50781,-36.14844,-38.84375,6.882812,34.26562,-20.99219,-21.48438,-7.789062,-17.57031,-29.54688,-5.835938,-4.609375,21.79688,41.35938,20.32812,-20.01562,-17.57031,-25.14844,1.015625,20.82031,20.32812,5.414062,-3.140625,-5.101562,-19.28125,-19.28125,-1.679688,-9.257812,-22.94531,6.390625,-10.96875,2.476562,11.03906,-9.742188,10.30469,3.210938,-3.632812,-23.4375,-13.89844,-17.8125,-41.03906,-49.35156,-36.14844,-11.45312,-35.66406,-34.4375,-27.83594,-65,-59.13281,-28.8125,-11.70312,1.992188,-21.72656,-24.41406,-23.4375,-10.47656
45.82031,23.32812,-6.742188,-29.72656,-40.24219,-173.25,-289.875,-340.4844,-357.1094,-337.3047,-340.7266,-337.7969,-291.5859,-165.1797,-98.92188,-39.25781,19.66406,41.17969,37.75781,1.328125,-10.41406,17.70312,-4.296875,32.13281,24.30469,-12.60938,-6.5,23.32812,10.375,-5.523438,9.148438,19.17188,17.21875,34.08594,37.50781,12.08594,-5.03125,-0.3828125,-0.875,30.17969,26.02344,4.507812,25.03906,34.57812,13.0625,6.703125,3.28125,-7.476562,13.79688,-6.984375,-0.875,17.70312,10.61719,-8.695312,-30.94531,-2.09375,-5.03125,-32.65625,-32.90625,-18.23438,-16.03125,-5.03125,-16.03125,-16.76562,-14.32031,-8.453125,-10.16406,-9.1875,-8.453125,-30.94531,-15.54688
-46.25781,-4.453125,-15.21094,-59.95312,-94.17969,-171.4453,-198.0938,-120.3438,-51.88281,-6.898438,-9.585938,-1.03125,44.44531,34.91406,28.55469,28.55469,51.29688,42,27.57812,63.03125,45.91406,34.17969,46.64844,53.49219,27.08594,19.02344,55.9375,38.82812,52.03125,51.04688,45.91406,63.76562,47.625,50.07031,33.6875,-3.226562,-5.1875,4.351562,8.507812,20.24219,9.484375,0.9296875,-7.875,-33.05469,-17.40625,14.86719,38.09375,23.17969,-7.382812,4.84375,-2.007812,-2.492188,-19.36719,9.976562,40.04688,37.84375,28.07031,25.375,9.726562,-1.515625,-0.5390625,8.75,8.75,-4.203125,-2.984375,32.46875,23.66406,-1.515625,15.10938,9.484375,-11.78906
-11.9375,-24.89844,-5.828125,-61.07812,-198.9766,-301.6641,-360.8359,-363.0391,-424.8906,-486.2656,-443.2344,-242.7422,-96.78125,-63.77344,-0.203125,-10.71094,-34.92188,-45.1875,-26.85156,-14.86719,-3.867188,-26.60938,-24.16406,0.046875,-7.78125,11.04688,7.132812,16.17969,19.35938,22.53906,33.53906,11.28906,11.04688,23.27344,-6.070312,-15.85156,-7.539062,-36.14062,-31.74219,-41.76562,-22.20312,-25.625,-11.69531,-7.046875,-18.29688,15.9375,24.98438,5.914062,0.7734375,-11.69531,-13.40625,19.60156,-16.58594,-28.5625,-19.02344,-9.984375,-9.984375,-14.625,-21.22656,-37.60938,-15.35938,-37.11719,-20.00781,4.9375,-17.80469,-28.5625,-34.1875,-23.67188,-14.86719,-13.15625,-12.42188
-26.35156,-12.66406,2.984375,-42.49219,-186.5,-332.7109,-398.9688,-361.3203,-330.7578,-356.4297,-348.6016,-344.6875,-319.5078,-320.7266,-308.5078,-165.9609,-44.20312,14.47656,-12.41406,21.32031,6.40625,-6.796875,-9.484375,-10.70312,6.40625,24.01562,38.92969,37.95312,15.21094,43.82031,33.54688,21.32031,25.96875,25.96875,25.23438,-3.125,-4.351562,-16.57031,16.1875,59.46875,50.90625,18.14844,19.36719,23.03125,-0.4375,8.851562,-17.55469,-13.64062,3.476562,16.67969,23.03125,26.46094,13.00781,14.23438,31.10156,24.5,-12.41406,-36.375,-2.390625,34.28125,15.94531,-18.77344,8.117188,27.67969,33.30469,16.1875,-3.859375,2.742188,-14.85938,-8.257812,6.40625
43.04688,21.77344,10.77344,-88.74219,-220.0391,-280.6719,-310.7422,-331.2812,-357.4453,-394.3672,-285.3203,-131.7734,-30.30469,-7.320312,2.210938,39.625,36.19531,27.88281,14.19531,6.367188,21.77344,27.39844,6.617188,22.26562,-7.078125,28.61719,17.125,-7.320312,9.0625,33.26562,14.4375,-28.59375,-1.453125,-14.41406,-5.851562,-11.96875,-11.72656,-2.429688,9.546875,9.546875,-2.921875,-23.46094,-11.23438,-21.5,-27.61719,-14.41406,-14.89844,17.375,59.67188,12.48438,-27.61719,-35.92969,-39.84375,3.679688,20.30469,5.390625,10.52344,17.375,-10.74219,-25.65625,-4.632812,-15.88281,-28.83594,-23.94531,-20.03906,-44.24219,-25.41406,-16.36719,-19.30469,-32.25781,-22.72656
20.5,33.95312,-9.078125,-22.53125,-18.125,-126.1953,-279.5,-345.0234,-370.2031,-402.7266,-463.6016,-492.4531,-405.4141,-244.5312,-100.7656,-27.42188,-22.53125,-4.921875,8.28125,3.632812,-38.66406,-53.33594,-57.73438,-59.69531,-64.33594,-37.44531,-28.88281,-27.90625,-39.39844,-52.35938,-18.61719,-25.71094,-26.92969,-25.71094,-23.75,-12.99219,-7.859375,-0.765625,-19.83594,-40.13281,-57.25,-46.97656,-54.07031,-39.15625,-31.82031,-26.6875,-44.28906,-53.09375,-45.75781,-46.73438,-38.66406,-68.25,-73.14062,-34.75,-12.25781,-12.50781,-6.882812,-13.48438,23.92969,10.47656,-17.39062,-25.71094,-2.476562,-17.39062,-15.92969,-23.50781,-2.476562,-16.17188,9.257812,14.63281,-30.10938
-0.4453125,-14.625,-9.976562,-47.39062,-124.6484,-215.1172,-271.1016,-313.4062,-343.2344,-332.7188,-364.5,-364.75,-382.5938,-397.0234,-376.7266,-358.1484,-335.6484,-322.4453,-211.4453,-98.49219,-40.05469,19.35938,32.07031,5.179688,18.14062,26.20312,30.85156,32.32031,28.40625,14.22656,15.9375,23.51562,27.42969,14.46875,19.35938,24.00781,5.421875,1.757812,8.84375,36.47656,35.98438,24.49219,35.98438,25.22656,47.23438,31.34375,28.64844,43.07812,47.23438,12.02344,20.09375,53.83594,40.14062,69.23438,62.39062,19.35938,18.38281,23.02344,19.60156,0.53125,32.80469,63.85938,35.98438,21.5625,56.28125,38.67188,33.29688,17.64844,2.976562,-10.46875,35.5
-8.289062,-13.67188,-7.5625,-78.71094,-282.375,-453.5234,-491.4219,-439.3438,-418.8047,-469.9062,-474.5469,-321.4922,-111.2266,-7.5625,1.976562,-1.445312,-13.42969,-10,1.976562,24.22656,34.74219,28.875,8.085938,8.335938,29.60156,34.74219,8.335938,-33.71875,-51.07812,-8.78125,9.3125,1.734375,8.578125,13.46875,20.5625,16.15625,-10.98438,-39.10156,-31.51562,-8.78125,-4.382812,16.15625,16.15625,0.0234375,-14.40625,-11.71875,5.398438,5.15625,11.02344,-3.890625,-28.82812,5.640625,20.80469,15.91406,30.58594,-5.117188,-26.875,-15.625,-1.6875,-2.914062,-12.20312,-8.78125,-44.23438,-32.25,-24.1875,-17.33594,-1.445312,12.49219,44.76562,17.13281,1.242188
-42.46875,-55.1875,-20.95312,-28.53125,-110.6875,-237.8281,-297.9688,-339.2891,-350.7812,-344.6719,-325.6016,-320.4688,-287.2109,-156.8984,-77.92188,-32.9375,-25.84375,-7.75,-3.351562,-16.55469,-32.9375,-9.953125,-11.17188,7.898438,-10.44531,-26.57812,-23.89062,24.52344,14.25,1.539062,-12.15625,-40.27344,-9.953125,0.8046875,5.453125,-29.02344,-22.66406,-0.4140625,-2.859375,3.25,12.05469,-11.66406,-33.67188,-50.53906,-19.24219,3.984375,-14.35156,-35.38281,-27.80469,15.22656,12.53906,-38.3125,-44.67188,0.8046875,-8.734375,-11.42188,10.58594,15.71875,-8.242188,14.98438,11.5625,10.82812,18.40625,29.16406,28.42969,20.36719,13.51562,11.07031,11.80469,-0.90625,-0.6640625
-7.984375,-6.273438,-2.367188,-40.01562,-118.7422,-259.8203,-464.7109,-707.9844,-708.2344,-468.8672,-199.1875,-36.59375,-0.1640625,-11.41406,-5.054688,-1.140625,-2.117188,-48.08594,-14.34375,-3.34375,-6.765625,-1.632812,-6.273438,-3.828125,-4.078125,-3.34375,17.92969,15.97656,3.257812,-34.64062,-25.34375,0.5703125,-33.65625,-28.03906,9.859375,-0.40625,-14.10156,-35.85938,-12.14062,-0.65625,-4.8125,-8.71875,-29.01562,-25.83594,-35.61719,-20.70312,6.4375,-30.48438,-50.77344,-34.88281,-25.83594,-11.16406,-14.83594,-10.67969,-0.8984375,8.640625,-0.1640625,5.945312,-19.72656,-20.46094,-19.72656,-19.72656,-16.29688,-23.88281,-14.58594,-25.34375,-14.34375,1.304688,32.35156,18.42188,-23.88281
20.51562,11.95312,-0.265625,-21.05469,-136.7031,-250.8828,-298.8047,-365.5469,-476.7969,-472.8828,-385.8438,-353.3281,-371.9062,-337.1875,-189.5078,-85.10938,-48.92188,-6.382812,-26.42969,-6.382812,14.89062,-13.71875,-29.11719,2.171875,22.46875,20.75781,10.73438,10.73438,5.601562,4.617188,-0.265625,-10.29688,-10.29688,12.92969,39.33594,37.875,18.80469,-9.070312,-39.63281,-12.00781,5.109375,16.10938,19.53125,1.195312,15.13281,25.64844,27.60156,33.96094,21.97656,21.97656,16.60156,24.17969,31.02344,17.57812,6.085938,-14.20312,-16.40625,-28.14062,-6.867188,9.507812,26.13281,80.41406,42.03125,8.53125,7.0625,12.44531,21.25,37.875,39.09375,31.27344,21.97656
-38.35938,-12.6875,-7.554688,-25.64844,-80.89844,-200.4609,-305.5938,-371.8516,-355.2266,-368.9219,-407.3047,-454.0078,-544.2266,-425.3984,-205.3516,-79.4375,-49.85156,-25.39844,1.742188,-9.75,-42.51562,-58.40625,-33.22656,-13.17188,-36.15625,-45.20312,-34.44531,-43.00781,-45.69531,-34.44531,-7.796875,-4.859375,-22.21875,-15.86719,-7.304688,-16.10938,-40.80469,-27.84375,-47.64844,-52.05469,-71.85156,-70.14062,-26.625,-28.57812,-41.04688,-24.17969,-52.78125,-54.25,-37.38281,-50.33594,-59.63281,-30.04688,-37.13281,-21.24219,-36.40625,-12.44531,-32,-41.53906,-36.64844,-49.60938,-28.33594,-32,4.671875,4.671875,-8.53125,3.203125,-10.24219,-5.84375,9.320312,-8.289062,-23.6875
-13.52344,16.55469,-4.476562,-21.58594,-37.48438,-27.94531,-22.32031,-34.78906,-41.39062,-42.61719,-82.71094,-159.4844,-178.8047,-158.0156,-153.6172,-192.9844,-210.5859,-219.3906,-201.5391,-164.1328,-180.2656,-169.0234,-164.6172,-154.5938,-156.5547,-186.8672,-195.9141,-184.9141,-186.8672,-192.0078,-181.25,-142.125,-85.40625,-29.65625,0.90625,-11.32031,-20.85938,0.171875,9.703125,16.0625,-19.14062,-4.476562,3.835938,-17.1875,-4.71875,-5.9375,12.39844,10.92969,46.625,26.08594,-10.82812,27.79688,34.39844,19.24219,1.148438,-20.85938,-9.609375,19.97656,28.28906,14.84375,-9.367188,-18.16406,6.53125,17.53125,17.03906,-26.23438,-29.65625,5.546875,18.26562,-1.539062,-19.39062
-14.20312,-12,-6.625,-16.89062,-27.16406,-33.51562,-24.71875,-48.42969,-81.4375,-90.97656,-143.2969,-126.9141,-57.23438,-21.78125,-14.44531,-7.359375,26.14062,13.91406,-10.04688,-16.89062,-2.710938,11.46875,17.57812,-0.0234375,1.6875,4.867188,-1.734375,-9.3125,-25.20312,-14.9375,-2.710938,21.74219,21.25,-1.734375,-9.804688,-6.375,-18.60156,-14.69531,-0.5078125,-0.0234375,-32.05469,-54.78906,-3.9375,5.359375,-4.421875,-15.91406,-5.15625,0.7109375,12.20312,-12.73438,-28.625,9.265625,-12.97656,-17.38281,12.44531,-1.734375,-27.40625,-29.35938,-25.45312,-25.20312,-31.5625,-19.33594,-2.953125,-8.335938,11.71094,-10.53906,-18.60156,-12.73438,-33.03125,1.9375,-7.84375
0.359375,12.58594,6.476562,-41.6875,-171.5234,-361.7422,-416.2656,-425.5547,-398.6562,-364.6719,-358.3203,-327.7578,-173.7188,-34.60156,-3.796875,21.14844,26.03125,52.92969,69.55469,42.41406,26.52344,11.36719,35.57031,79.33594,76.89062,52.6875,78.10938,83.98438,52.4375,30.1875,10.39062,9.898438,36.78906,20.89844,13.5625,-1.351562,-11.61719,-30.92969,-1.59375,11.36719,-21.64062,-26.77344,8.921875,11.85156,-24.08594,-13.32812,-8.195312,-29.71094,-10.39844,21.63281,-0.3671875,-2.085938,-0.3671875,1.34375,-3.0625,-3.546875,-27.02344,-20.17188,-1.351562,3.296875,-2.085938,-27.26562,-8.4375,11.85156,1.828125,14.29688,-23.84375,-40.96094,-30.92969,16.99219,12.58594
19.89062,7.414062,3.257812,-12.875,-96.74219,-224.125,-303.8281,-297.2266,-306.0312,-309.4531,-338.5469,-347.8359,-332.9219,-264.4609,-103.0938,6.4375,12.30469,-1.625,16.95312,16.21875,25.75781,44.09375,61.21094,23.3125,33.33594,36.02344,10.35156,28.9375,53.14062,49.46875,42.38281,16.71094,22.33594,14.75,0.5703125,-15.5625,-15.8125,3.257812,9.859375,3.507812,-0.8984375,7.90625,9.375,25.50781,38.96094,51.17969,24.04688,0.0859375,-14.58594,-6.273438,-6.765625,-2.609375,11.57812,-14.34375,-14.10156,6.6875,18.42188,45.5625,14.50781,18.17969,20.13281,27.21875,42.13281,3.75,3.75,-18.00781,13.77344,17.44531,-18.98438,3.257812,-2.609375
4.523438,-8.921875,0.859375,-16.99219,-16.99219,-22.60938,-53.66406,-69.55469,-30.92969,-183.7344,-473.9609,-581.0469,-465.8906,-310.875,-162.9531,-63.6875,1.34375,-1.34375,-25.78906,-18.45312,-33.61719,-55.86719,-35.8125,-38.25781,-56.60156,-39.48438,-62.95312,-48.28906,-40.95312,-16.99219,-14.54688,-37.53125,-18.45312,-32.64062,-15.03125,3.0625,4.773438,6.484375,19.92969,30.19531,-7.695312,-31.65625,-20.65625,-23.34375,-52.19531,-32.88281,5.507812,41.20312,12.35156,-15.52344,-18.94531,-18.21094,3.789062,0.859375,-3.296875,-16.5,-12.83594,-12.10156,3.546875,4.28125,-2.5625,2.078125,16.75,-1.585938,-39.72656,-38.99219,-23.10156,-20.17188,-41.92969,-6.71875,-1.828125
-20.60156,-12.28906,4.828125,-84.65625,-251.6484,-327.9375,-329.1562,-326.9531,-322.0625,-321.8203,-326.7109,-286.125,-247.0078,-161.9219,-73.16406,-0.796875,47.85938,67.42188,30.25781,16.5625,49.8125,68.15625,72.3125,59.84375,57.39844,54.46094,21.94531,58.375,77.6875,46.88281,30.99219,44.92188,6.296875,-2.265625,-21.57812,-17.17969,-3.726562,-13.50781,-2.015625,-7.882812,-29.64844,-1.53125,22.1875,20.71875,-8.132812,-24.75781,-14.73438,-17.66406,10.9375,44.92188,17.78906,-15.21875,2.382812,10.20312,7.765625,3.117188,-1.53125,-6.421875,-2.265625,-9.84375,-10.08594,-9.84375,-22.07031,-17.42188,-1.773438,-5.6875,19.98438,19.74219,13.38281,31.23438,19.74219
-6.664062,10.9375,-22.80469,-47.5,-107.8906,-128.4219,-121.8203,-81.72656,-77.57031,-108.1328,-122.0703,-155.5625,-149.6953,-77.8125,-13.02344,-19.375,-13.26562,-13.02344,7.757812,4.578125,-22.55469,-32.82812,-17.42188,-7.640625,30.5,4.335938,-2.265625,5.3125,-9.109375,17.53906,-10.33594,-44.80469,-15.46875,21.69531,-12.28906,20.22656,8.492188,4.578125,11.17969,7.023438,24.875,44.4375,8.984375,-24.51562,11.17969,2.625,-3.976562,9.71875,11.67188,9.226562,-28.42188,-24.75781,12.16406,16.07031,13.14062,0.421875,5.804688,13.625,39.54688,37.34375,8.25,-7.398438,-11.79688,0.671875,-4.953125,3.117188,-11.79688,-10.33594,7.515625,9.226562,25.11719
0.9453125,31.75,-20.32812,-137.6875,-206.6328,-307.6172,-462.625,-531.5781,-461.4062,-314.4609,-128.1484,-41.60156,-25.71094,-14.46094,21.23438,19.77344,5.585938,-9.328125,-5.65625,2.898438,1.921875,7.789062,1.429688,-6.882812,0.453125,-23.75,-40.375,-21.79688,11.45312,42.75,28.57031,7.054688,7.789062,1.429688,-19.83594,3.632812,4.367188,14.39062,8.03125,-10.0625,-24.24219,-58.71094,-34.75,-28.39844,8.03125,14.88281,3.390625,28.08594,15.125,17.8125,-3.210938,7.054688,-1.257812,-17.88281,-4.679688,8.28125,23.67969,31.99219,-6.148438,13.17188,-3.210938,10.47656,8.765625,-23.01562,-15.4375,-2.726562,-12.50781,-3.703125,23.4375,-9.078125,-23.50781
-26.46094,-24.02344,-12.03906,-27.92969,-27.6875,-72.67188,-229.8906,-424.2656,-569.4922,-624.2656,-622.0625,-547.25,-387.5859,-174.1406,-47,-22.0625,0.671875,6.296875,10.21094,-10.82031,-25.24219,13.39062,11.67969,18.52344,29.77344,37.10156,19.5,-2.507812,20.96875,32.70312,33.4375,30.01562,16.8125,18.28125,41.99219,29.28125,49.08594,36.85938,24.88281,31.48438,38.57031,46.64062,45.41406,14.85156,25.125,34.41406,40.77344,8.257812,2.140625,11.1875,12.41406,10.21094,25.85938,25.85938,2.632812,-20.84375,16.32031,35.64062,15.10156,5.320312,-31.35156,-26.95312,40.03906,43.70312,20.23438,11.42969,14.125,-10.32812,-34.28906,-8.375,11.1875
-36.42969,-20.53125,-21.02344,-35.69531,-93.39844,-214.4219,-309.5312,-362.5859,-411,-377.5,-362.1016,-330.8047,-260.1406,-155.9844,-55.5,-42.53906,-28.60156,1.960938,-36.42969,-38.875,-21.51562,10.75781,23.96094,16.875,-0.2421875,-15.89062,31.78906,18.82812,-9.773438,-12.21875,-14.17969,17.11719,-5.867188,-13.92969,-9.046875,-16.13281,16.38281,-15.39844,-18.08594,-9.289062,-11.73438,11.49219,28.11719,23.71875,32.52344,28.85156,4.648438,-6.601562,-12.71094,7.09375,59.41406,37.89844,31.05469,16.14062,8.5625,12.71875,4.890625,-25.67188,-12.95312,-11,21.76562,45.96875,22.00781,10.03125,24.21094,56.96875,38.63281,28.60938,14.67188,25.42969,15.16406
-1.070312,0.3984375,7.25,-72.94531,-259.5,-346.0547,-375.3906,-398.6172,-374.9062,-337.5,-325.0234,-335.7812,-315.4922,-223.3125,-114.0234,-57.54688,-30.89844,-5.46875,-13.78125,2.109375,4.804688,6.515625,-17.9375,-7.671875,36.09375,9.445312,-11.82812,-5.46875,4.3125,14.57812,-15,-35.78906,-17.44531,-17.9375,-13.78125,-0.3359375,-3.023438,-5.46875,-2.53125,8.960938,-1.796875,-33.09375,-16.22656,-45.07812,-30.64844,3.335938,15.5625,-28.45312,-23.3125,-16.96094,-23.5625,-31.875,13.60156,14.09375,-13.28906,-0.8203125,-8.15625,-13.78125,-7.671875,10.91406,30.96094,27.53906,17.27344,15.3125,-15.73438,-19.89062,-1.796875,15.80469,14.33594,-5.710938,-8.648438
38.6875,10.8125,-18.76562,-173.7812,-296.0312,-340.5312,-457.3984,-503.3672,-325.3672,-122.9219,-32.46094,1.523438,16.19531,29.15625,11.30469,1.523438,-2.632812,-2.390625,25.97656,18.39844,9.101562,-1.898438,1.773438,36.49219,26.21875,-0.4296875,-13.14844,-5.5625,22.55469,35.26562,1.523438,18.14844,36.97656,30.375,12.77344,49.6875,25,5.679688,-4.585938,62.89062,45.04688,2.257812,19.13281,27.19531,20.84375,24.75,29.64062,23.03906,34.28906,21.82031,9.101562,-11.1875,-65.71094,-48.84375,-17.30469,-13.14844,18.64062,11.0625,-7.273438,2.015625,38.20312,-14.85938,15.21875,27.44531,-6.296875,-13.39062,-17.54688,2.015625,-0.4296875,-30.25781,-0.1875
13.90625,14.89062,7.796875,-27.65625,-83.89062,-200.7578,-312.7422,-396.8516,-375.8203,-224.2344,-78.26562,-29.85938,-30.83594,-47.94531,-38.65625,-20.07812,-15.67188,10.97656,10,14.39844,26.13281,27.35938,51.07031,49.11719,15.61719,-12.74219,-18.85156,10.48438,-11.51562,-21.05469,-11.03125,-9.070312,-12.5,-4.914062,-3.9375,10,22.71094,22.71094,41.78125,23.9375,16.84375,34.9375,-4.914062,20.02344,27.84375,0.4609375,2.664062,3.640625,29.3125,28.82031,12.92969,17.82031,16.35156,4.617188,31.02344,29.55469,16.35156,-8.34375,-21.29688,-11.27344,-18.85156,-2.226562,-19.10156,-34.25781,-13.22656,8.039062,53.03125,23.6875,40.3125,13.90625,26.13281
-28.78125,8.375,4.46875,-39.29688,-143.9453,-250.7891,-313.3828,-313.3828,-290.1562,-305.8047,-344.1875,-339.2969,-384.7734,-363.2578,-326.3359,-341.7422,-341.25,-303.8438,-168.6406,-75.97656,-25.85156,-20.46875,-32.21094,-22.67188,22.5625,-14.11719,-6.539062,-20.71875,-17.53906,-3.601562,10.57812,12.04688,5.445312,10.57812,6.179688,-15.82812,-29.27344,-22.17969,-30.98438,-16.07031,-29.51562,-36.36719,-19.74219,-3.84375,-34.89844,-21.20312,8.375,-25.85156,-38.8125,-12.89062,-3.601562,-25.85156,11.3125,24.27344,-32.21094,-34.16406,-39.78906,-22.17969,-0.421875,3.734375,4.710938,13.75781,18.40625,32.09375,18.15625,6.421875,5.9375,17.67188,-9.226562,-22.17969,-22.42969
-22.74219,-37.65625,-8.5625,-42.30469,-39.61719,-44.01562,-83.38281,-117.6094,-143.0391,-153.0625,-139.125,-114.1875,-66.02344,-24.45312,-28.36719,-39.36719,-30.8125,-32.52344,-33.01562,-9.054688,-35.70312,-41.57031,-71.89062,-54.03906,-28.125,-23.23438,-9.296875,7.820312,2.679688,-13.21094,-10.52344,14.42188,23.95312,37.89062,33.97656,41.80469,58.1875,44.25,29.57812,42.53906,52.80469,60.14062,56.71875,32.02344,0.234375,-13.21094,-15.16406,-11.00781,9.28125,-11.25,-18.34375,-30.32031,-16.39062,0.96875,1.21875,-12.23438,-22.00781,5.375,3.414062,7.328125,-16.14062,-15.89844,35.9375,2.195312,-8.5625,-1.226562,5.125,15.15625,-0.4921875,-20.29688,-29.59375
-12.76562,-1.757812,-6.648438,-29.875,-38.4375,-45.03906,-45.76562,-33.54688,-31.10156,-36.72656,-28.65625,-44.78906,-263.375,-542.1016,-680.2422,-668.0156,-479.7578,-297.8438,-140.1484,-63.85938,-29.875,-16.92188,-25.47656,-28.65625,-5.429688,21.22656,-26.45312,-9.335938,25.625,34.42969,3.867188,-22.05469,1.90625,19.26562,22.6875,-11.29688,-45.76562,-40.88281,-44.54688,-13.49219,4.351562,6.3125,25.86719,-26.45312,-18.14062,-25.96875,-41.125,-41.36719,-13.00781,-3.226562,-46.01562,-21.07812,8.75,12.90625,16.82031,-1.515625,3.132812,-25.96875,-19.11719,-9.09375,6.554688,9.242188,15.84375,4.59375,12.90625,11.92969,-19.60938,-21.5625,-13.25,2.398438,-12.51562
-22.11719,-16,-4.023438,-18.44531,-29.45312,-24.3125,-25.04688,-40.94531,-54.63281,-74.92969,-150.9688,-429.6953,-635.8047,-628.7188,-447.5391,-186.6641,-61.47656,-10.38281,28.00781,-6.953125,-8.179688,-15.02344,-34.34375,-51.94531,-55.36719,-37.27344,-24.80469,-6.46875,-14.04688,0.375,-6.953125,-5.734375,-24.80469,-4.265625,11.625,7.226562,-14.78125,-39.96094,-37.27344,12.84375,21.40625,3.554688,-29.45312,-41.67188,-14.04688,0.1328125,1.601562,-13.3125,-9.398438,33.875,38.03125,-21.38281,-20.15625,17.25,13.57812,27.27344,12.60156,-16,-46.5625,-38.98438,-29.45312,-11.84375,5.515625,-22.85156,-27.49219,-29.20312,19.69531,-0.6015625,26.78125,-4.265625,-11.84375
-49.92969,-29.39062,-8.367188,-38.19531,-58,-78.28906,-172.1797,-294.4297,-337.4609,-392.2266,-418.6328,-376.8203,-359.7109,-199.3203,-88.3125,-72.42188,-70.95312,-54.82031,-29.39062,-13.74219,-22.30469,-10.07812,-41.375,-36.96875,-3.476562,-3.476562,-23.52344,-43.57031,-22.05469,-36.72656,-35.25781,-19.125,-15.21094,-26.94531,-36.96875,-8.367188,-31.10156,-31.59375,-6.65625,2.882812,9.484375,31,21.46094,14.375,8.257812,-20.10156,-46.75,-51.39844,-68.75781,-52.61719,-21.8125,-20.59375,-15.70312,-9.34375,14.125,-13.25781,-35.75,-31.83594,-18.39062,-2.984375,3.859375,19.75,-14.47656,-48.21875,-14.47656,13.39844,4.59375,4.351562,-1.515625,-17.89844,-28.90625
-37.32031,-53.46094,1.0625,-44.41406,-211.1562,-314.5781,-361.2812,-441.7188,-439.7656,-405.5391,-357.6172,-333.1641,-349.7891,-364.2188,-289.3984,-120.6953,-28.76562,-20.20312,-41.96875,-36.58594,-0.890625,2.289062,-39.03125,-30.71875,-0.890625,3.265625,7.421875,10.10938,4.492188,-13.85156,1.554688,9.625,12.55469,0.0859375,0.578125,26.49219,13.04688,27.71875,25.75781,24.53906,48.25,70.25781,18.67188,-20.20312,4.976562,-0.3984375,-8.960938,27.46875,44.58594,7.664062,-2.109375,14.51562,1.3125,-11.64844,-4.554688,-17.75781,-21.1875,-28.03125,4.976562,15.73438,-6.757812,-47.58594,-47.10156,-34.63281,-27.78906,-30.96094,-46.125,-59.07812,-31.69531,-30.96094,-57.125
-13.8125,-12.34375,-18.21875,-81.78125,-207.9453,-292.0547,-354.6484,-343.3984,-323.3516,-343.8906,-244.375,-128.7266,-79.58594,-48.53125,5.257812,2.078125,-3.054688,-4.765625,4.765625,26.28125,37.77344,40.21875,32.88281,-19.19531,-15.77344,9.171875,-15.52344,-8.4375,4.765625,3.054688,-3.789062,-1.585938,17.23438,18.94531,18.70312,17.23438,3.546875,38.26562,25.79688,12.59375,18.46094,60.75781,45.35156,30.6875,5.742188,-7.945312,21.14844,28.97656,9.414062,16.25781,-9.65625,-22.375,-2.320312,13.8125,1.835938,-30.92969,-2.8125,37.03906,47.79688,61.49219,39.48438,20.17188,29.46094,14.0625,3.054688,-8.921875,6.726562,-0.859375,2.570312,-3.054688,-32.39844
-1.15625,-36.125,-18.27344,-61.30469,-117.2969,-146.3906,-69.13281,-9.71875,-4.828125,3.242188,15.71094,-17.05469,-12.16406,-21.94531,6.664062,18.89062,33.07031,32.33594,2.507812,-20.71875,-22.67969,13.50781,24.75781,-4.09375,-12.64844,-4.335938,-46.64062,-49.57031,2.75,22.55469,32.57812,-16.07812,-43.46094,-3.117188,13.26562,-4.828125,14.73438,-11.67188,3.976562,15.21875,24.02344,34.28906,-21.69531,-24.63281,-26.34375,-5.5625,-25.11719,-14.35938,5.4375,21.57812,13.26562,12.03906,-5.320312,-39.54688,-6.78125,14.97656,-19.98438,-51.52344,-34.41406,-17.78906,-20.96094,-16.5625,-4.828125,-23.16406,-0.9140625,-8.984375,-40.28125,-16.5625,7.640625,-8.25,-2.140625
41.07031,43.03125,35.69531,-64.54688,-221.7656,-289,-346.4531,-323.7188,-331.7891,-337.8984,-356.2344,-293.6484,-157.2188,-39.60938,19.55469,16.375,37.40625,54.03125,51.34375,11.49219,12.21875,21.51562,6.351562,24.9375,41.07031,51.58594,44.25,-2.203125,3.664062,28.60156,14.42188,18.57812,28.11719,4.398438,-8.804688,13.20312,11.73438,18.82031,7.085938,17.10938,23.22656,5.132812,11.49219,37.64844,-6.117188,-2.203125,7.578125,38.38281,45.96094,20.04688,22.25,54.03125,-1.710938,-45.23438,-22.74219,16.625,2.445312,5.132812,9.53125,8.554688,21.51562,18.09375,22.49219,10.02344,-10.02344,-19.07031,2.445312,19.3125,16.625,-4.648438,-10.27344
-25.67188,-3.179688,-23.46875,-70.17188,-174.8125,-245.2266,-307.5781,-343.2734,-338.625,-338.625,-341.8047,-317.1094,-339.8516,-274.5703,-132.0234,-34.46875,14.17969,25.67188,8.3125,6.359375,-3.421875,11.49219,18.33594,6.851562,-15.89062,-17.35938,-30.07031,-43.27344,18.82812,25.1875,19.32031,7.335938,18.58594,22.25,5.132812,-3.664062,0.4921875,3.421875,-2.929688,12.46875,-10.26562,-17.60156,5.132812,8.5625,11.49219,5.867188,18.58594,9.539062,4.15625,34.47656,10.51562,0,14.91406,2.445312,-6.109375,23.71875,18.09375,-7.085938,-13.9375,18.82812,10.75781,13.69531,14.91406,9.539062,25.42969,28.60938,-10.50781,-24.69531,-16.86719,-14.91406,37.89844
11.1875,2.875,-20.10938,-42.85156,-155.3203,-140.4062,-73.41406,-15.46875,2.875,-0.546875,9.960938,-16.6875,-18.39844,-19.13281,-24.02344,-26.22656,-17.42188,-27.44531,-49.45312,-39.17969,-14.73438,-16.92969,-18.15625,-12.03906,-22.07031,-5.195312,6.539062,-11.55469,-23.53125,0.9140625,5.5625,-6.421875,-38.69531,-36.73438,-49.9375,-46.75781,-15.95312,-4.460938,-11.3125,-5.4375,4.09375,6.78125,22.42969,32.45312,43.94531,10.45312,-9.109375,-19.625,-15.95312,-46.75781,-34.04688,-15.71094,-6.664062,-14.24219,-35.75781,11.67188,19.74219,-6.421875,-23.28906,-2.507812,-2.75,-32.82812,-40.40625,-25.24219,18.76562,3.117188,1.164062,-26.95312,-46.51562,-28.42188,-27.44531
-20.53125,-9.53125,19.07812,-44.49219,-215.3984,-306.5938,-316.1328,-344.4922,-375.5469,-345.7188,-366.5,-349.3828,-213.9297,-62.34375,11.5,23.71875,29.59375,23.23438,23.71875,16.39062,-4.398438,-10.75,9.054688,31.30469,45.96875,68.71094,39.85938,16.14062,32.76562,48.41406,31.78906,-0.7265625,4.40625,9.539062,-2.4375,-39.11719,-18.82031,9.054688,-4.398438,-15.39844,33.99219,12.71875,3.671875,11.00781,31.30469,52.08594,32.76562,15.40625,3.429688,15.40625,-22,-21.75781,-3.90625,15.40625,17.60938,39.85938,44.25781,12.47656,-1.703125,8.804688,23.23438,-7.820312,-43.51562,-15.39844,2.453125,1.226562,8.070312,-42.78125,-43.75781,-35.20312,-12.71094
2.390625,28.55469,-6.898438,-49.6875,-62.89062,-97.35938,-138.6797,-114.7188,-61.90625,-41.85938,-46.99219,-28.89844,-41.375,-44.79688,-25.23438,4.101562,-1.765625,-24.25781,-35.75,-59.46094,-53.84375,-26.45312,1.90625,-9.828125,-6.65625,-12.03125,-1.765625,-44.0625,-32.8125,-24.99219,-38.19531,9.726562,12.90625,24.64062,-2.25,5.328125,-33.78906,-67.04688,-57.26562,-28.41406,-36.23438,-55.30469,-36.23438,-35.01562,1.171875,7.28125,-20.58594,7.773438,41.75781,32.21875,3.859375,-1.515625,-18.39062,-2.984375,-7.382812,-6.65625,19.75,14.61719,4.835938,4.351562,-10.8125,-15.21094,18.53125,31.97656,18.53125,4.59375,24.64062,4.101562,19.02344,35.89062,12.17188
-53.73438,-20.24219,4.945312,-21.46094,-80.14062,-127.8203,-139.0703,-158.3828,-160.3359,-178.6719,-188.9453,-184.0547,-165.9609,-149.0938,-157.8906,-128.5547,-130.2656,-137.6016,-153.25,-209.9688,-202.3906,-152.0234,-111.1953,-115.3516,-138.8203,-164.7422,-158.3828,-139.5547,-150.8047,-155.4453,-155.6953,-153.25,-134.4219,-158.8672,-171.0938,-164.9844,-143.7109,-142.4922,-172.3203,-142.2422,-148.6016,-165.4688,-143.9531,-152.2734,-156.9141,-174.0312,-178.6719,-202.3906,-182.8281,-158.8672,-166.4531,-171.8281,-167.1875,-151.7812,-167.1875,-149.5781,-167.6719,-173.5391,-191.1484,-208.2578,-210.4609,-186.2578,-173.0547,-183.3203,-166.6953,-158.1406,-121.2188,-128.3125,-159.1172,-157.8906,-183.5625
56.82031,25.03906,9.140625,-90.36719,-188.8984,-239.0234,-294.5234,-349.2891,-345.625,-316.5312,-354.6719,-328.2656,-168.1172,-3.328125,39.46094,27.47656,51.92969,54.13281,59.75781,51.6875,46.55469,54.61719,71.49219,45.82031,12.8125,19.89844,27.72656,52.17188,24.78906,21.36719,39.95312,43.61719,37.99219,37.99219,27.47656,11.34375,58.03906,32.125,12.5625,-15.55469,-2.59375,9.140625,-10.90625,-12.125,24.05469,22.59375,25.03906,60.24219,40.19531,9.390625,-7.242188,24.78906,36.52344,23.07812,32.125,0.828125,36.03906,23.07812,13.54688,35.79688,49.48438,46.55469,45.57031,29.19531,30.90625,34.57031,17.45312,46.0625,25.76562,-7.484375,1.320312
35.02344,9.351562,-9.226562,-19.00781,-63.01562,-217.5391,-381.6016,-430.9844,-354.9453,-313.875,-341.7422,-295.2891,-133.6797,-58.375,-14.60938,13.26562,32.09375,63.875,41.875,5.195312,6.171875,31.85156,50.67188,33.80469,12.04688,56.53906,12.77344,3,-7.757812,-7.273438,-11.91406,-4.335938,31.60156,20.60156,40.89062,29.89062,22.80469,-1.15625,11.55469,11.55469,9.109375,15.21875,5.445312,17.17969,12.04688,-10.20312,2.75,-9.71875,-10.45312,-2.382812,10.82031,17.66406,32.82812,30.86719,-17.78906,-39.54688,-47.85938,-4.828125,-4.585938,-18.03125,-0.9140625,12.04688,15.95312,13.26562,-14.35938,-16.32031,-6.296875,-16.80469,-15.34375,-29.03125,-6.046875
33.89844,31.9375,9.6875,-109.1406,-278.3281,-477.8438,-607.9141,-489.3281,-284.1953,-109.3828,-42.63281,-9.867188,-32.85156,-21.11719,-6.695312,-0.3359375,9.445312,14.82031,14.82031,-20.875,-34.07812,-25.76562,-4.25,5.78125,21.17969,29.73438,36.33594,38.53906,25.57812,27.29688,7.976562,6.757812,11.15625,25.82812,41.71875,24.60156,11.39844,17.02344,-10.85156,-17.9375,-2.78125,-2.78125,12.625,14.57812,20.69531,25.82812,29.98438,20.44531,8.710938,11.15625,2.601562,29.98438,13.84375,22.40625,19.96094,39.03125,14.82031,1.867188,1.617188,-13.04688,1.375,-2.78125,6.757812,7.734375,41.71875,15.07031,-7.179688,-4.734375,-3.515625,5.289062,27.53906
24.22656,14.44531,9.3125,-32.25,-43.00781,-172.8359,-416.3594,-482.1328,-427.3594,-376.5078,-401.9375,-332.9844,-164.2812,-59.39062,-17.33594,1.492188,-1.445312,-16.11719,-4.625,11.75781,26.42969,39.38281,44.27344,14.9375,-11.96094,-12.9375,-3.398438,-13.91406,-11.22656,1.976562,27.16406,23.00781,2.21875,-3.648438,18.35938,20.3125,5.398438,18.85156,39.38281,13.71094,-24.42969,-17.82812,-6.09375,1,0.7578125,-6.578125,17.625,20.80469,34.98438,12.49219,18.85156,8.335938,12.49219,20.5625,-14.64844,26.91406,34.00781,-3.648438,-17.09375,17.625,44.52344,47.69531,15.17969,38.40625,21.29688,4.421875,17.86719,13.71094,-0.2265625,2.46875,6.375
13.375,4.8125,-5.945312,-36.75,-150.6875,-255.3359,-375.1328,-429.9062,-383.6953,-243.1094,-78.5625,-36.26562,-22.07812,-20.125,18.75,46.13281,21.92969,-0.8125,3.59375,14.35156,16.30469,-4.71875,-23.54688,-35.28125,-17.92188,3.59375,-0.078125,-14.5,-2.03125,2.617188,9.460938,-18.65625,-20.85938,-39.92969,-12.30469,27.79688,-14.25781,-25.01562,-2.273438,-42.13281,-51.42188,-59.73438,-64.625,-48.48438,-42.61719,-57.78125,-36.01562,-0.3203125,-19.88281,-40.17188,-39.4375,-82.96094,-90.78125,-62.42188,-62.66406,-48.73438,-50.6875,-32.83594,-30.39062,-27.21875,-14.74219,-4.476562,-27.70312,-76.85156,-59.97656,-68.28906,-44.57812,-62.42188,-24.52344,6.039062,-17.4375
-13.90625,-9.015625,-15.61719,-63.04688,-117.3281,-163.7812,-149.1094,-52.78125,1.5,18.125,26.4375,-9.5,-8.765625,-4.609375,-19.52344,-7.789062,-10.72656,3.703125,6.390625,25.46094,17.14844,1.992188,-10.72656,-6.570312,5.65625,14.46094,5.898438,51.625,51.625,49.91406,16.65625,7.609375,-0.453125,13.23438,28.39844,9.328125,6.632812,17.14844,19.59375,17.88281,13.48438,36.21875,39.39844,25.70312,23.01562,21.0625,48.92969,27.41406,26.92969,35.97656,23.25781,36.71094,57,57.73438,16.90625,26.4375,29.375,10.05469,36.46094,36.71094,33.53125,36.21875,-10.47656,-20.50781,1.007812,42.57812,30.35156,13.72656,15.67969,13.48438,19.35156
-0.6015625,2.578125,-11.85156,-27.25,-166.375,-284.7109,-338.7422,-328.7188,-313.5625,-322.6094,-360.75,-353.4141,-355.125,-278.1094,-131.4062,-38.00781,10.39844,3.0625,3.554688,9.914062,-1.335938,16.75781,0.1328125,-16.00781,-44.36719,-8.914062,27.51562,1.601562,-2.554688,-3.046875,8.6875,12.60156,29.46875,42.42969,75.92188,76.41406,51.71875,48.05469,36.80469,6.976562,4.773438,16.75781,6,0.8671875,8.203125,16.26562,15.28906,2.328125,-24.32031,-22.35938,-17.71875,4.53125,9.179688,-27.25,-41.1875,11.86719,27.51562,-11.60156,-9.40625,-16.74219,-6.960938,-4.515625,-23.09375,-15.51562,4.53125,-12.58594,-7.203125,11.13281,6.242188,-9.890625,-13.80469
7.039062,-5.679688,-18.39062,-70.96094,-229.8828,-318.6328,-336.2344,-384.8906,-495.1641,-465.0859,-264.1094,-83.17969,-24.01562,-19.125,-17.16406,-3.71875,-16.92188,-35.75,-32.07812,-14.96875,43.22656,14.125,-7.390625,-37.95312,-15.70312,11.67969,22.19531,6.304688,-17.16406,-15.94531,-32.07812,-19.85938,-16.67969,-7.875,21.21875,19.01562,-15.94531,-21.07812,-0.7890625,-11.29688,-28.41406,-33.54688,-5.429688,38.57812,15.83594,-0.296875,-6.898438,26.60156,21.46094,-13.25781,-10.32031,25.86719,27.08594,44.20312,45.42188,37.35938,42.73438,5.328125,-4.695312,-18.39062,2.390625,8.75,29.03906,5.328125,-0.0546875,12.17188,12.17188,8.507812,14.125,-7.390625,5.078125
-3.984375,-25.5,-18.89844,-81.97656,-198.6094,-295.1797,-460.4609,-592.9844,-402.7578,-167.3125,-50.19531,-39.92969,-30.39062,7.992188,-17.67969,-11.5625,-26.23438,-31.125,-17.92188,-0.5625,-4.71875,-17.1875,-24.03125,-19.875,-26.47656,-58.26562,-19.875,-19.63281,-16.45312,4.820312,6.53125,2.617188,9.953125,-37.23438,-26.72656,-18.65625,-25.00781,-1.054688,33.66406,17.77344,-2.03125,2.859375,4.820312,-17.42969,-24.52344,-23.78906,-21.34375,18.75,12.14844,-5.9375,-3.492188,11.42188,-28.92188,-3.984375,-0.8046875,-4.71875,-5.453125,-16.69531,-19.63281,24.86719,24.625,15.08594,15.08594,26.82031,4.820312,-10.34375,-26.72656,-42.36719,-53.61719,-26.96875,-24.28125
-20.46094,17.67969,-13.60938,-188.4297,-351.5078,-349.3125,-349.5547,-343.9297,-346.6172,-335.375,-402.8516,-406.2812,-350.2891,-337.8203,-206.2812,-95.03125,-26.32812,-5.546875,-6.28125,25.99219,24.28125,29.17188,46.04688,11.07812,-12.88281,-28.03906,-36.84375,-12.63281,-1.390625,-5.789062,-15.07812,-10.67969,-1.390625,-8.234375,-10.92188,3.75,-8.234375,-3.34375,27.71094,15.72656,3.992188,-20.70312,-37.32812,-22.90625,-14.83594,2.28125,15.96875,10.83594,13.28125,15.48438,27.71094,16.46094,-6.28125,7.171875,13.52344,23.0625,26.72656,27.95312,41.89062,35.03906,39.92969,31.61719,18.17188,19.64062,7.171875,19.88281,4.96875,-23.64062,-26.32812,-6.03125,-0.8984375
-4.882812,-33.25,-16.86719,-36.17969,-147.6719,-250.8516,-279.9453,-320.2891,-333.25,-398.5312,-419.7969,-395.8359,-388.0156,-354.0312,-233.9844,-95.35156,-22.97656,-1.460938,1.226562,-12.95312,-29.82812,-42.78125,-35.69531,-6.351562,17.11719,8.070312,-8.796875,6.117188,-7.820312,4.648438,8.3125,29.10156,24.69531,1.960938,0.984375,14.1875,30.5625,16.63281,-17.84375,-4.398438,-9.046875,-13.20312,0.25,6.359375,-3.664062,8.070312,4.890625,4.648438,40.59375,2.695312,26.16406,8.5625,-10.02344,18.58594,24.94531,32.76562,29.83594,25.92188,-3.171875,0.734375,28.11719,29.10156,22.5,1.226562,-29.57812,28.85156,19.5625,-12.95312,22.00781,37.89844,14.67188
50.99219,15.05469,-22.35938,-121.625,-197.6641,-248.2734,-282.9922,-287.1484,-284.9453,-331.8906,-260.9844,-103.2891,-31.89062,-28.71094,-24.80469,-4.507812,8.453125,23.11719,6.742188,-17.21875,-1.578125,22.875,13.34375,0.625,-5,-13.0625,1.117188,11.14062,-1.328125,4.539062,-15.75781,-44.35938,-0.3515625,22.875,23.60938,3.3125,17.98438,-16,-28.46875,-6.710938,26.05469,33.14062,-3.289062,-19.66406,11.38281,15.78125,25.07812,12.11719,18.96094,1.601562,-17.71094,3.3125,10.40625,48.0625,24.10156,59.54688,62.72656,39.5,-1.578125,14.80469,55.14844,78.375,43.41406,22.63281,-6.460938,-18.20312,8.453125,36.57031,48.30469,28.74219,33.63281
-42.67969,-38.76562,-11.86719,-36.07812,-77.88281,-230.2109,-339.7422,-385.2188,-372.2578,-447.3203,-510.1562,-438.2734,-286.1953,-95.97656,-20.42969,22.11719,22.11719,18.9375,-11.38281,-5.515625,10.13281,2.3125,42.89844,8.179688,-4.046875,-1.84375,3.53125,-12.35938,-17.73438,-3.3125,5.976562,4.507812,-18.96094,-26.05469,-11.13281,18.20312,18.44531,-19.20312,-30.21094,13.80469,6.953125,-19.69531,-29.47656,2.0625,-24.58594,-33.63281,-17.49219,-23.11719,-18.96094,6.710938,27.98438,19.17969,-17.49219,-29.22656,-41.69531,-27.76562,9.648438,20.89062,14.04688,-8.445312,2.554688,16,9.648438,23.33594,32.14062,16.49219,-1.601562,-7.226562,-1.601562,5.976562,14.53906
2.179688,18.5625,3.648438,-33.51562,-36.69531,-56.25781,-148.4297,-331.5625,-546.4766,-641.3359,-600.2656,-413.7109,-180.9453,-46.96094,-25.9375,-23.97656,-52.10156,-29.35938,-10.04688,-1.484375,-25.44531,-59.67969,-39.875,-40.85156,-14.20312,8.539062,-0.75,-2.21875,10.25,-32.53906,-46.96094,-7.84375,12.9375,-2.21875,-20.55469,9.515625,-9.554688,-6.867188,-3.6875,-5.640625,12.69531,18.5625,18.32031,16.60938,38.125,48.39062,51.07812,38.85938,39.34375,26.63281,15.38281,51.32812,26.63281,-17.86719,9.023438,-4.664062,24.42969,38.60938,51.57031,60.375,38.60938,16.85156,33.47656,54.01562,62.08594,42.76562,53.03906,32.00781,47.41406,18.5625,23.69531
5.09375,8.765625,13.16406,-59.20312,-133.2891,-238.6719,-218.1328,-113.7266,-32.55469,3.382812,-7.375,-29.86719,-8.59375,-9.570312,-13.48438,7.789062,7.054688,-10.55469,-9.085938,-17.64062,26.85938,34.67969,41.28125,44.95312,24.41406,3.632812,27.83594,36.64062,39.57031,52.77344,55.95312,38.59375,22.70312,41.77344,23.1875,2.898438,-10.0625,-15.92969,9.5,25.14844,1.429688,-10.55469,-3.703125,-2.726562,12.92188,37.61719,-5.171875,-3.703125,17.8125,37.36719,41.52344,29.05469,48.61719,60.60156,70.625,73.79688,45.19531,54.48438,43.24219,54.72656,24.41406,37.61719,53.01562,35.41406,25.39062,35.65625,1.429688,10.23438,6.078125,6.804688,23.67969
1.117188,-7.195312,-3.773438,-42.16406,-113.7969,-146.5625,-60.74219,-15.02344,4.78125,16.03125,-24.07031,-37.51562,-10.375,-14.53125,-22.10938,-23.33594,2.828125,13.82812,1.601562,17.74219,23.11719,-7.929688,-1.328125,10.89844,45.36719,44.63281,14.07031,1.851562,-31.40625,-37.02344,5.515625,-5.976562,-21.13281,-20.15625,-23.09375,1.601562,-20.89062,-34.82812,-40.69531,-65.14062,-58.78906,-34.57812,-19.17969,11.38281,-1.328125,-19.42188,-61.23438,-46.07031,-28.71094,-25.28906,-45.09375,-28.96094,-13.0625,-21.86719,-14.28906,1.117188,-19.91406,-13.55469,-16.97656,-3.039062,-1.328125,-27.73438,-13.55469,-13.79688,-52.67188,-39.96094,-0.109375,-13.79688,-5.484375,-3.773438,-36.78125
82.52344,27.26562,11.85938,-60.75,-227.9922,-358.0625,-388.625,-357.0859,-368.3359,-360.75,-353.9062,-328.4766,-325.5469,-348.5312,-374.2031,-260.2656,-135.0781,-61.73438,-37.28125,-25.78906,24.57812,-1.585938,-16.00781,-1.828125,-26.76562,-31.17188,-2.804688,1.835938,-5.007812,-41.4375,-37.77344,-25.05469,-28.23438,-18.21094,-21.875,-22.36719,-3.054688,-22.36719,-46.32812,-39.96875,-51.70312,-26.52344,15.77344,-5.5,-34.34375,-39.48438,-21.39062,0.375,29.95312,5.75,-0.1171875,-10.63281,-10.14062,-26.03125,-22.60938,5.507812,10.88281,-3.78125,-2.320312,2.8125,14.0625,-10.14062,4.773438,21.64062,-23.58594,-28.23438,-18.70312,-30.67969,-6.71875,-20.16406,-37.03906
63.47656,38.29688,28.02344,-27.96875,-192.0234,-306.4453,-551.6797,-641.8984,-531.6328,-456.0859,-485.1797,-414.0312,-205.2266,-92.02344,-17.21094,3.328125,7.734375,1.617188,-0.578125,7.976562,2.84375,-9.625,-25.76562,8.710938,24.60156,9.445312,1.859375,9.445312,26.07031,28.75781,-1.5625,8.953125,0.1484375,-29.1875,-21.85156,-13.78125,-9.140625,30.22656,33.40625,-7.429688,6.507812,15.3125,25.09375,25.82031,6.75,-21.36719,-2.78125,4.554688,25.33594,-5.71875,3.328125,1.375,32.91406,19.95312,-6.203125,-7.914062,-1.804688,-3.757812,-5.226562,-9.382812,20.44531,9.445312,-12.5625,-18.42969,1.132812,-3.757812,2.351562,26.55469,1.132812,5.773438,18.73438
-22.29688,-11.04688,2.640625,-35.74219,-183.9062,-368.9922,-400.5391,-358.7266,-353.8359,-252.3672,-115.9375,-32.8125,31.25,38.09375,15.84375,21.71094,17.80469,-2.734375,18.04688,59.125,10.95312,11.92969,21.22656,11.92969,4.109375,34.67188,24.89062,8.023438,-5.914062,-54.8125,-30.36719,-43.8125,-3.960938,10.46875,27.33594,20.25,21.71094,-5.914062,2.398438,-18.625,-20.09375,-2.734375,-4.445312,22.9375,11.92969,-1.023438,15.84375,34.67188,37.35938,10.21875,-10.3125,-5.179688,2.398438,35.89062,16.82031,9,7.289062,-5.429688,22.44531,25.625,32.71875,22.6875,-10.80469,-4.695312,-1.265625,18.28906,17.3125,-1.265625,14.86719,-0.78125,24.64844
21.48438,1.4375,-13.23438,-25.70312,-42.08594,-102.2344,-135.2422,-84.875,-18.125,6.570312,5.59375,-14.45312,7.304688,8.039062,16.83594,0.703125,-4.679688,-15.1875,-30.59375,-7.125,-29.125,2.90625,9.015625,9.015625,-8.585938,2.414062,10.96875,12.19531,-35.48438,-19.34375,-24.72656,-32.79688,4.859375,-1.007812,-18.60938,-49.42188,-22.03906,-12.74219,-20.07812,0.9453125,11.94531,10.72656,5.101562,1.1875,3.148438,20.99219,25.39844,-11.76562,-9.8125,25.39844,25.88281,10.23438,8.773438,32.73438,48.625,22.46094,-0.03125,0.2109375,39.33594,3.390625,-5.65625,29.55469,44.71094,42.75781,27.35156,3.882812,15.85938,41.04688,47.39844,22.70312,33.46875
-30.97656,-27.55469,-17.52344,-26.32812,-47.60156,-53.96094,-66.42969,-42.95312,-33.66406,-34.15625,-99.4375,-154.4453,-136.6016,-118.75,-114.5938,-81.82812,-39.77344,-19.72656,9.367188,-13.85938,-15.08594,3.257812,-18.50781,-43.6875,-8.234375,3.5,-2.367188,-27.0625,-44.66406,-25.10938,-39.28906,-18.75,-18.01562,-28.77344,-32.19531,-21.6875,-24.61719,-46.13281,-8.726562,18.65625,22.8125,-24.61719,-37.57812,-13.85938,-34.15625,-22.66406,-8.484375,2.03125,6.921875,-35.61719,-14.59375,14.5,-32.19531,-48.82031,-5.789062,-10.67969,-7.015625,15.96875,8.632812,-11.41406,-14.35156,-2.125,-17.03906,-23.39844,-10.4375,0.3203125,-7.257812,24.52344,19.88281,30.88281,27.95312
-22.91406,-38.80469,-24.625,-45.40625,-36.60156,-55.92188,-119.2422,-134.8906,-125.1094,-150.7812,-121.6875,-75.47656,-86.72656,-88.19531,-66.67969,-24.625,-23.15625,-9.460938,-1.398438,2.757812,26.47656,21.09375,-27.80469,-17.04688,10.82812,19.63281,4.226562,8.140625,22.32031,25.74219,42.125,38.21094,9.609375,11.32031,11.32031,-3.59375,-8.242188,-4.328125,-26.57812,-36.85156,-15.08594,-27.3125,-4.820312,-20.46875,-18.50781,10.58594,23.29688,7.40625,3.734375,24.52344,38.21094,4.960938,-10.44531,-13.13281,-16.55469,-7.75,1.539062,21.34375,18.89844,29.65625,29.65625,-29.75781,-16.0625,4.46875,9.117188,-24.38281,-22.91406,-3.59375,-12.64062,-33.91406,-59.10156
-33.625,-17.97656,12.33594,-67.60938,-236.3125,-314.0703,-341.9375,-360.7656,-375.1953,-399.8828,-393.5312,-240.2266,-103.3125,-41.20312,-22.625,-40.47656,-53.42969,-8.445312,4.515625,-3.0625,-1.351562,-7.46875,-4.289062,-1.109375,-26.28906,-2.085938,-5.507812,-13.57812,7.695312,-8.203125,-9.914062,-7.46875,-6,-14.07031,-27.02344,1.335938,7.695312,11.35938,24.07812,22.35938,8.671875,0.359375,11.60156,31.40625,30.92188,20.40625,26.76562,19.91406,21.875,4.757812,5.25,-3.554688,-4.53125,10.875,28.47656,51.70312,34.10156,23.34375,26.03125,27.98438,21.14062,6.46875,2.554688,-4.773438,23.34375,2.070312,8.914062,19.67188,-0.375,-22.86719,-1.601562
12.21875,10.50781,-22.98438,-27.39062,-25.92188,-30.32031,-134.4766,-273.5938,-332.5234,-296.5781,-291.9375,-324.2109,-298.0469,-165.0391,-82.64062,-42.05469,-16.38281,-30.8125,0.484375,10.50781,14.66406,-4.890625,-14.42969,-11.74219,-11.98438,24.6875,32.75781,26.89062,10.50781,19.3125,22.49219,6.351562,-0.4921875,11.73438,11.24219,13.44531,3.421875,22.73438,-2.9375,-19.80469,-8.320312,-15.64844,3.664062,30.3125,4.882812,-18.82812,-25.1875,-21.27344,-32.76562,0.9765625,-7.09375,17.10938,0.2421875,-6.601562,17.10938,-16.875,-18.34375,18.82031,48.64844,22.49219,-37.65625,-33.00781,-16.38281,-4.890625,-10.27344,-18.34375,10.50781,-6.359375,-1.46875,-36.92188,-41.32031
-55.32812,-43.84375,-21.10156,-27.46094,-36.25781,-55.32812,-39.6875,-40.66406,-26.72656,-31.85938,-68.53125,-200.8047,-449.7109,-618.1641,-602.7656,-487.6016,-396.1641,-377.5781,-346.5312,-249.7109,-120.125,-1.296875,12.88281,-11.8125,-22.32812,-11.8125,-5.945312,-8.632812,4.570312,8.96875,12.64062,21.4375,17.28125,5.0625,0.171875,12.14844,32.19531,-3.5,-3.007812,-25.01562,-32.83594,-24.77344,-40.66406,-25.25781,-24.77344,-76.60156,-94.21094,-89.80469,-27.70312,-0.5625,-72.6875,-91.27344,-41.14844,-13.76562,-23.78906,-39.19531,-34.30469,-57.04688,-52.39844,-29.65625,-2.03125,9.945312,-12.05469,19.97656,-12.05469,-36.75,-3.25,18.75,-15.96875,-52.39844,-68.04688
18.82031,22.73438,28.60156,-56.96875,-204.4062,-282.1562,-293.3984,-308.0703,-331.7891,-321.7656,-327.1406,-207.3359,-46.70312,-21.03125,-9.296875,26.64844,30.5625,8.554688,48.40625,44.74219,14.91406,13.6875,33.49219,31.29688,25.42188,49.38281,27.86719,-4.890625,-14.42969,-9.539062,16.86719,-2.9375,8.796875,31.04688,13.6875,30.80469,53.05469,55.5,29.33594,23.46875,-1.46875,-29.34375,-14.17969,-16.875,-14.91406,-19.80469,13.44531,-0.984375,10.75781,34.22656,-30.07812,-87.78125,-80.44531,-28.60938,-10.51562,-4.40625,-2.695312,-10.75781,30.5625,1.460938,12.21875,11.97656,-31.53906,-26.65625,5.132812,21.75781,18.57812,4.890625,11.97656,8.796875,-6.601562
-5.976562,-11.84375,-17.46875,-104.75,-257.5625,-520.1562,-642.6484,-505.7266,-354.875,-221.625,-117.2188,-55.85156,-53.40625,-28.22656,-8.171875,-20.39844,-23.82031,-8.664062,3.5625,-12.08594,-14.28906,0.875,6.742188,9.671875,30.70312,31.1875,41.21094,-3.28125,-16.73438,-12.08594,-8.664062,4.046875,6.25,-10.86719,-1.328125,16.27344,19.69531,7.476562,13.82812,-12.32812,-7.445312,4.046875,-2.0625,26.54688,13.82812,-13.79688,-17.46875,2.585938,5.515625,15.78906,36.57031,23.60938,6.984375,14.80469,27.76562,25.32031,7.71875,3.070312,9.1875,14.32031,2.828125,-21.13281,29.23438,9.914062,-2.0625,2.09375,26.05469,25.8125,-0.84375,-10.375,6.492188
9.640625,20.14844,3.773438,-106.7422,-255.3984,-169.8203,-40.48438,-41.21875,-26.30469,-28.75,-6.742188,20.14844,9.640625,10.125,15.01562,11.83594,16.72656,42.15625,53.40625,59.51562,49.98438,34.82031,35.79688,14.03906,6.21875,2.304688,2.789062,5.234375,-8.695312,34.08594,13.30469,31.39844,34.57812,-6.007812,4.015625,-11.875,-5.273438,-12.36719,10.61719,-11.63281,5.96875,9.148438,-11.14062,-1.117188,-3.8125,-20.4375,-19.45312,12.32812,7.679688,4.015625,22.10938,41.66406,20.64062,-5.765625,-5.765625,4.015625,20.39844,27.73438,44.10938,13.79688,-9.429688,5.484375,33.84375,-4.054688,9.390625,-7.476562,-10.89844,-8.945312,6.945312,-1.117188,-5.765625
-31.88281,-3.523438,2.101562,-58.53125,-198.3906,-331.8828,-379.5625,-370.7578,-313.7891,-299.8516,-172.7188,-61.22656,-22.59375,-6.945312,7.476562,-19.65625,-26.75,-1.078125,-21.61719,-46.79688,-48.02344,-47.28906,-19.65625,-26.99219,-22.35156,-0.34375,7.96875,-11.59375,-20.88281,-16.48438,-14.03906,-16.96875,-27.96875,-22.10156,-26.01562,-23.08594,6.5,-15.75,5.765625,-0.8359375,-33.59375,-28.70312,-41.42188,-20.88281,-29.92969,-20.39062,0.6328125,-32.85938,3.570312,38.28906,33.64062,17.99219,-3.523438,-19.65625,-4.992188,7.234375,-2.054688,3.320312,10.65625,8.703125,6.257812,38.03906,39.75,46.84375,26.79688,18.48438,17.99219,18.72656,10.17188,-11.10156,7.234375
31.05469,5.875,-5.859375,-35.6875,-51.09375,-44.98438,-125.6641,-265.5156,-359.1641,-389.7266,-359.6484,-395.8359,-382.6328,-368.2109,-354.2734,-369.6719,-404.6406,-416.375,-270.1641,-84.83594,-35.44531,-58.1875,-51.58594,-24.6875,-13.92969,-25.42188,-4.390625,8.320312,5.382812,33.99219,20.54688,36.67969,8.320312,-6.59375,28.85938,17.60938,10.76562,5.875,3.921875,-15.64062,-18.57812,10.52344,8.8125,-17.10938,-0.7265625,34.48438,23.47656,12.47656,52.32812,28.60938,48.41406,48.90625,29.83594,36.92969,11.00781,0.984375,-3.664062,-0.484375,-12.46094,-1.703125,-26.39844,-34.22656,-31.28906,-18.08594,25.4375,-3.414062,-11.24219,9.296875,30.32812,13.21094,17.60938
47.375,12.40625,-15.95312,-51.89844,-26.46875,-19.625,-39.67188,-104.7031,-219.1328,-291.9922,-288.0781,-272.1875,-289.0547,-317.1719,-238.9375,-117.1797,-42.35938,-38.44531,-43.33594,3.609375,9.226562,-10.82031,-30.86719,-55.80469,-46.02344,-12.03906,-4.953125,-7.148438,-17.90625,-13.50781,9.71875,30.01562,25.85938,19.74219,23.89844,-5.4375,-22.55469,-12.53125,-6.90625,-17.42188,18.76562,53.72656,21.69531,-1.039062,21.21094,14.85156,13.38281,5.070312,10.69531,6.78125,4.828125,-10.32812,6.78125,-22.55469,-34.78125,-8.617188,-2.75,19.25781,24.39062,50.0625,22.67969,-15.95312,-20.60156,-3.242188,-8.617188,-4.21875,-4.21875,7.273438,21.94531,8.742188,-12.03906
-3.09375,-7.984375,-7.742188,-91.11719,-98.69531,-68.375,-71.0625,-57.375,-84.75781,-121.6797,-135.125,-96.98438,-91.35938,-154.6797,-174.9766,-102.1172,-74.48438,-100.8906,-169.8438,-189.8906,-119.2344,-61.53125,-22.89844,-22.65625,-23.875,-29.00781,-28.52344,-9.9375,-4.5625,-27.54688,10.35156,-2.609375,-22.16406,-10.67188,-9.203125,-11.89844,4.242188,14.26562,20.86719,-9.9375,-26.8125,2.53125,11.32812,40.17969,43.35938,5.953125,-24.60938,-7.742188,-26.5625,-13.11719,-5.046875,20.625,27.22656,9.867188,13.77344,1.796875,34.55469,25.75781,3.265625,-11.89844,18.42188,19.15625,2.28125,-27.05469,-30.96875,-23.39062,-21.92188,-2.359375,-22.89844,-28.52344,-30.47656
-11.54688,7.773438,6.546875,-119.8594,-240.3984,-307.3906,-308.6094,-305.9219,-331.5938,-324.0156,-316.9219,-315.7031,-304.9453,-195.1641,-85.38281,-35.01562,-25.72656,1.65625,39.55469,29.77344,-8.609375,-21.32812,-33.54688,-1.273438,-19.60938,-30.61719,6.546875,12.66406,-20.10156,-45.77344,-44.30469,-10.32031,-17.16406,-58.48438,-71.6875,11.67969,29.28906,17.55469,7.523438,6.796875,-4.210938,9.234375,35.39844,19.01562,14.375,-24.75,-42.35156,-28.41406,9.484375,10.70312,-6.40625,-3.71875,-4.695312,-15.94531,-38.19531,-19.60938,-13.74219,-38.92969,-27.19531,-3.476562,13.39062,32.71094,8.015625,-6.40625,-2.742188,-3.234375,-32.08594,-11.78906,-11.54688,6.796875,11.4375
-5.257812,-7.953125,-17.97656,-67.60938,-62.96094,-65.40625,-117.4844,-118.7109,-109.9062,-95.23438,-111.375,-145.1172,-142.6719,-138.0234,-148.5391,-159.2969,-174.6953,-154.4062,-116.0156,-111.375,-99.64062,-124.3281,-149.2734,-150.25,-132.8906,-116.75,-123.8438,-132.6484,-142.1797,-128.2422,-128.7344,-102.5703,-82.76562,-77.875,-80.07812,-77.39062,-76.89844,-63.45312,-50.00781,-96.21094,-87.17188,-99.39062,-90.34375,-89.85938,-68.58594,-89.60938,-38.02344,-2.085938,-4.773438,12.58594,16.00781,12.34375,34.10156,23.34375,14.29688,0.359375,-13.57031,23.34375,21.39062,22.85938,17.71875,10.39062,5.25,13.32031,13.07812,18.21094,5.5,44.61719,39.96875,16.5,27.01562
-15.96094,-11.07031,-4.226562,-80.01562,-292,-375.6172,-447.5,-400.3125,-284.1719,-150.4297,-62.89844,-26.96094,-4.710938,-5.6875,6.046875,-14,-10.33594,-25.74219,3.601562,-10.82031,26.82812,23.16406,-1.78125,-8.625,-36.5,-29.64844,-57.52344,-36.5,-15.46875,-17.91406,-26.22656,-19.14062,11.42188,29.27344,-2.757812,-1.289062,-3,-12.78125,19.25,50.54688,16.07031,21.9375,25.60938,19.73438,24.14062,20.96094,15.82812,17.04688,-4.226562,-5.203125,-6.421875,-28.17969,10.20312,40.27344,30.49219,29.76562,-5.9375,-26.22656,-2.507812,-48.96875,-56.05469,-22.07031,-17.42188,7.515625,5.804688,7.757812,4.09375,-14.25,-5.6875,-16.44531,-25.74219
44.44531,25.375,5.320312,-84.89844,-237.7109,-332.3281,-356.5312,-343.5781,-313.75,-351.1562,-347.2422,-379.0312,-383.1875,-379.7578,-372.6719,-304.2109,-170.7188,-79.51562,-51.89062,-25.24219,0.6796875,8.992188,-16.92188,-21.57031,-25.72656,-1.765625,-17.17188,-11.05469,10.94531,-1.765625,5.8125,24.64062,34.42188,17.54688,14.61719,1.65625,4.835938,2.875,-8.125,10.21094,18.52344,24.64062,-20.83594,-11.05469,14.125,17.79688,5.320312,-6.65625,21.46094,10.46094,14.85938,-27.67969,-28.41406,-12.03906,0.4375,-16.92188,-18.39062,32.46094,27.08594,-4.453125,-13.25781,28.0625,10.46094,-4.453125,-24.01562,14.125,27.08594,20.72656,38.57812,8.992188,-16.92188
